iso3,idx10,bloc1_k1,bloc1_k2,bloc1_k3,transatlantic,us_fin,eu_fin,raw27_k3,bloc1_k1_left_censored,bloc1_k2_left_censored,bloc1_k3_left_censored,transatlantic_left_censored,us_fin_left_censored,eu_fin_left_censored,raw27_k3_left_censored
AFG,2021.0,,,2020.0,2021.0,2021.0,,,1,1,0,0,0,1,1
AGO,,2021.0,,,,2021.0,,,0,0,0,0,0,0,0
ALB,,2021.0,,,,2021.0,,,0,0,0,0,0,0,0
ARE,,2022.0,,,,2022.0,,,0,0,0,0,0,0,0
ARG,,2019.0,,,,2019.0,,,0,0,0,0,0,0,0
ARM,,,,,,,,,0,0,0,0,0,0,0
AUS,,,,,,,,,0,0,0,0,0,0,0
AUT,,,,,,,,,0,0,0,0,0,0,0
AZE,,2022.0,,,,2022.0,,,0,0,0,0,0,0,0
BDI,2015.0,2015.0,2015.0,2021.0,2015.0,2015.0,2015.0,2015.0,0,0,0,0,0,0,0
BEL,,,,,,,,,0,0,0,0,0,0,0
BEN,,,,,,,,,0,0,0,0,0,0,0
BFA,2022.0,2018.0,2022.0,,2022.0,2018.0,2022.0,,0,0,0,0,0,0,0
BGD,,2021.0,,,,2021.0,,,0,0,0,0,0,0,0
BGR,,2021.0,,,,2021.0,,,0,0,0,0,0,0,0
BHR,,,,,,,,,0,0,0,0,0,0,0
BHS,,,,,,,,,0,0,0,0,0,0,0
BIH,2022.0,2011.0,2011.0,2021.0,2021.0,2021.0,2011.0,2011.0,0,0,0,0,0,0,0
BLR,,,,,,,,,1,1,1,1,1,1,1
BLZ,,2011.0,,,,2011.0,,,0,0,0,0,0,0,0
BOL,,2011.0,,,,2011.0,,,0,0,0,0,0,0,0
BRA,,2021.0,,,,2021.0,,,0,0,0,0,0,0,0
BRN,,,,,,,,,0,0,0,0,0,0,0
BTN,,,,,,,,,0,0,0,0,0,0,0
BWA,,,,,,,,,0,0,0,0,0,0,0
CAN,,,,,,,,,0,0,0,0,0,0,0
CHE,,,,,,,,,0,0,0,0,0,0,0
CHI,,,,,,,,,0,0,0,0,0,0,0
CHL,,,,,,,,,0,0,0,0,0,0,0
CIV,,,,,,,,,1,1,1,1,1,1,1
CMR,2021.0,2019.0,2021.0,,,2019.0,,,0,0,0,0,0,0,0
COD,,,,2021.0,,,,,1,1,0,1,1,1,1
COG,,,,,,,,,0,0,0,0,0,0,0
COL,,,,,,,,,1,1,0,1,1,1,1
CPV,,,,,,,,,0,0,0,0,0,0,0
CRI,,2011.0,,,,2011.0,,,0,0,0,0,0,0,0
CUB,,,,,,,,,1,0,0,0,1,0,0
CYP,,,,,,,,,0,0,0,0,0,0,0
CZE,,,,,,,,,0,0,0,0,0,0,0
DEU,,,,,,,,,0,0,0,0,0,0,0
DJI,,,,,,,,,0,0,0,0,0,0,0
DNK,,,,,,,,,0,0,0,0,0,0,0
DOM,,2011.0,,,,2011.0,,,0,0,0,0,0,0,0
DZA,,,,,,,,,0,0,0,0,0,0,0
EGY,,2011.0,2011.0,2011.0,2013.0,2013.0,2011.0,2011.0,0,0,0,0,0,0,0
ERI,,,,,,2021.0,,,1,0,0,0,0,1,1
ESP,,,,,,,,,0,0,0,0,0,0,0
EST,,,,,,,,,0,0,0,0,0,0,0
ETH,,2020.0,2022.0,,2022.0,2022.0,2020.0,2020.0,0,0,0,0,0,0,0
FIN,,,,,,,,,0,0,0,0,0,0,0
FJI,,,,,,,,,1,1,0,1,1,1,1
FRA,,,,,,,,,0,0,0,0,0,0,0
GAB,,,,,,,,,0,0,0,0,0,0,0
GBR,,,,,,,,,0,0,0,0,0,0,0
GEO,,,,,,,,,0,0,0,0,0,0,0
GHA,,2018.0,,,,2018.0,,,0,0,0,0,0,0,0
GIN,,,,,,,,,1,1,1,1,1,1,1
GMB,,2014.0,2017.0,,2017.0,2017.0,2014.0,2014.0,0,0,0,0,0,0,0
GNB,2012.0,2012.0,2012.0,2012.0,2012.0,2012.0,2012.0,2012.0,0,0,0,0,0,0,0
GNQ,,2021.0,,,,,,,0,0,0,0,0,0,0
GRC,,2013.0,,,,2013.0,,,0,0,0,0,0,0,0
GTM,,2011.0,2021.0,,,2011.0,,,0,0,0,0,0,0,0
GUY,,,,,,,,,0,0,0,0,0,0,0
HKG,,2020.0,,,,2020.0,,,0,0,0,0,0,0,0
HND,,2019.0,,,,2019.0,,,0,0,0,0,0,0,0
HRV,,2021.0,,,,2021.0,,,0,0,0,0,0,0,0
HTI,2022.0,2020.0,,,,2020.0,,,0,0,0,0,0,0,0
HUN,,2022.0,,,,,2022.0,2022.0,0,0,0,0,0,0,0
IDN,2018.0,2011.0,,,,2011.0,,,0,0,0,0,0,0,0
IND,,,,,,,,,0,0,0,0,0,0,0
IRL,,,,,,,,,0,0,0,0,0,0,0
IRN,,,2011.0,2011.0,2011.0,,2011.0,2011.0,1,0,0,0,1,0,0
IRQ,2021.0,2019.0,2021.0,,,2019.0,,,0,0,0,0,0,0,0
ISL,,,,,,,,,0,0,0,0,0,0,0
ISR,,,,,,,,,0,0,0,0,0,0,0
ITA,,,,,,,,,0,0,0,0,0,0,0
JAM,,2011.0,,,,2011.0,,,0,0,0,0,0,0,0
JOR,,2021.0,,,,,,,0,0,0,0,0,0,0
JPN,,,,,,,,,0,0,0,0,0,0,0
KAZ,,,,,,,,,0,0,0,0,0,0,0
KEN,,2017.0,,,,2017.0,,,0,0,0,0,0,0,0
KGZ,2020.0,2020.0,,,,2020.0,,,0,0,0,0,0,0,0
KHM,2018.0,2017.0,2018.0,,2018.0,2018.0,2017.0,2017.0,0,0,0,0,0,0,0
KOR,,,,,,,,,0,0,0,0,0,0,0
KWT,,2021.0,,,,2021.0,,,0,0,0,0,0,0,0
LAO,,,,,,,,,0,0,0,0,0,0,0
LBN,2021.0,,2021.0,,,,,,1,0,0,0,1,0,0
LBR,,,,,,,,,1,0,0,0,1,0,0
LBY,2011.0,2011.0,2011.0,2011.0,2011.0,2011.0,2011.0,2011.0,0,0,0,0,0,0,0
LKA,,2022.0,,,,2022.0,,,0,0,0,0,0,0,0
LSO,,2020.0,,,,2020.0,,,0,0,0,0,0,0,0
LTU,,,,,,,,,0,0,0,0,0,0,0
LUX,,,,,,,,,0,0,0,0,0,0,0
LVA,,2019.0,,,,2019.0,,,0,0,0,0,0,0,0
MAC,,,,,,,,,0,0,0,0,0,0,0
MAR,,,,,,,,,0,0,0,0,0,0,0
MDA,,2022.0,2022.0,,,2022.0,,,0,0,0,0,0,0,0
MDG,,,,,,,,,1,1,0,1,1,1,1
MDV,,,,,,,,,0,0,0,0,0,0,0
MEX,,2022.0,,,,2022.0,,,0,0,0,0,0,0,0
MKD,,2021.0,,,,2021.0,,,0,0,0,0,0,0,0
MLI,2012.0,2012.0,2012.0,2022.0,2012.0,2012.0,2012.0,2012.0,0,0,0,0,0,0,0
MLT,,2020.0,,,,2020.0,,,0,0,0,0,0,0,0
MMR,,,,,,,,,1,1,1,1,1,1,1
MNE,,2021.0,,,,2021.0,,,0,0,0,0,0,0,0
MNG,,,,,,,,,0,0,0,0,0,0,0
MOZ,,2021.0,,,,2021.0,,,0,0,0,0,0,0,0
MRT,,,,,,,,,0,0,0,0,0,0,0
MUS,,,,,,,,,0,0,0,0,0,0,0
MWI,,2011.0,,,,,,,0,0,0,0,0,0,0
MYS,,,,,,,,,0,0,0,0,0,0,0
NAM,,,,,,,,,0,0,0,0,0,0,0
NER,,,,,,,,,1,1,0,1,1,1,1
NGA,,2013.0,,,,2013.0,,,0,0,0,0,0,0,0
NIC,2019.0,2018.0,2020.0,2020.0,2020.0,2018.0,2020.0,2020.0,0,0,0,0,0,0,0
NLD,,,,,,,,,0,0,0,0,0,0,0
NOR,,,,,,,,,0,0,0,0,0,0,0
NPL,,,,,,,,,0,0,0,0,0,0,0
NZL,,,,,,,,,0,0,0,0,0,0,0
OMN,,,,,,,,,0,0,0,0,0,0,0
PAK,,2012.0,,,,2012.0,,,0,0,0,0,0,0,0
PER,,2022.0,,,,2022.0,,,0,0,0,0,0,0,0
PHL,2022.0,,,2021.0,,,,,1,1,0,1,1,1,1
PNG,,,,,,,,,0,0,0,0,0,0,0
POL,,2022.0,,,,,2022.0,2022.0,0,0,0,0,0,0,0
PRT,,,,,,,,,0,0,0,0,0,0,0
PRY,,2021.0,,,,2021.0,,,0,0,0,0,0,0,0
PSE,2019.0,2012.0,2019.0,,,2012.0,,,0,0,0,0,0,0,0
QAT,,,,,,,,,0,0,0,0,0,0,0
ROU,,,,,,,,,0,0,0,0,0,0,0
RUS,2014.0,2014.0,2014.0,2014.0,2014.0,2014.0,2014.0,2014.0,0,0,0,0,0,0,0
RWA,2012.0,2012.0,2012.0,,,,2012.0,2012.0,0,0,0,0,0,0,0
SAU,,2018.0,2018.0,,2018.0,2018.0,2018.0,2018.0,0,0,0,0,0,0,0
SDN,,,,,,,,,1,1,1,1,1,1,1
SEN,,,,,,,,,0,0,0,0,0,0,0
SGP,,,,,,,,,0,0,0,0,0,0,0
SLB,,,,,,,,,0,0,0,0,0,0,0
SLE,,2018.0,,,,2018.0,,,0,0,0,0,0,0,0
SOM,,,,,,,,,1,1,1,1,1,1,1
SRB,,2021.0,2022.0,,,2021.0,,,0,0,0,0,0,0,0
SSD,2014.0,2011.0,2011.0,2014.0,2014.0,2014.0,2011.0,2011.0,0,0,0,0,0,0,0
SUR,,,,,,,,,0,0,0,0,0,0,0
SVK,,,,,,,,,0,0,0,0,0,0,0
SVN,,2021.0,,,,2021.0,,,0,0,0,0,0,0,0
SWE,,,,,,,,,0,0,0,0,0,0,0
SWZ,,,,,,,,,0,0,0,0,0,0,0
SYC,,,,,,,,,0,0,0,0,0,0,0
SYR,2011.0,,2011.0,2011.0,2011.0,,2011.0,2011.0,1,0,0,0,1,0,0
TCD,,,,,,,,,0,0,0,0,0,0,0
TGO,,,,,,,,,1,0,0,0,0,1,0
THA,,2014.0,,,,2014.0,,,0,0,0,0,0,0,0
TJK,,,,,,,,,0,0,0,0,0,0,0
TKM,,,,,,,,,0,0,0,0,0,0,0
TON,,,,,,,,,0,0,0,0,0,0,0
TTO,,,,,,,,,0,0,0,0,0,0,0
TUN,2011.0,2011.0,2011.0,2011.0,,,2011.0,2011.0,0,0,0,0,0,0,0
TUR,,2018.0,2020.0,2021.0,2020.0,2018.0,2019.0,2019.0,0,0,0,0,0,0,0
TWN,,2013.0,,,,2013.0,,,0,0,0,0,0,0,0
TZA,2018.0,2014.0,2014.0,,2021.0,2016.0,2014.0,2014.0,0,0,0,0,0,0,0
UGA,,2014.0,2022.0,,,2021.0,2014.0,,0,0,0,0,0,0,0
UKR,2014.0,2014.0,2014.0,2014.0,2014.0,2014.0,2014.0,2014.0,0,0,0,0,0,0,0
URY,,,,,,,,,0,0,0,0,0,0,0
UZB,,2022.0,,,,2022.0,,,0,0,0,0,0,0,0
VEN,2017.0,,2017.0,2017.0,2017.0,,2017.0,2017.0,1,0,0,0,1,0,0
VNM,,,,,,,,,0,0,0,0,0,0,0
VUT,,,,,,,,,0,0,0,0,0,0,0
XKX,,2021.0,2022.0,,,2021.0,,,0,0,0,0,0,0,0
YEM,,2012.0,2015.0,2021.0,2015.0,2012.0,2015.0,2015.0,0,0,0,0,0,0,0
ZAF,,2019.0,,,,2019.0,,,0,0,0,0,0,0,0
ZMB,,2018.0,,,,,,,0,0,0,0,0,0,0
