DV,specification,parameter,coef (pp),se(pp),p_CR1,p_WCR,N,clusters
UNCITRAL rules,(1) year FE,Sj,8.994030453630913,16.05864123408427,0.5764392549765501,,958,125
UNCITRAL rules,(1) year FE,Bi,-7.776536378459066,4.8318763706259675,0.11006669016638565,,958,125
UNCITRAL rules,(1) year FE,BiSj,4.76706449550076,13.526505189326521,0.7251186256574996,0.777,958,125
UNCITRAL rules,(2) year + respondent FE,Sj,19.81998294698926,9.988949200188008,0.04944296523490964,,958,125
UNCITRAL rules,(2) year + respondent FE,Bi,-4.059374021554284,4.38262854609871,0.3561195215916244,,958,125
UNCITRAL rules,(2) year + respondent FE,BiSj,8.64288071665376,10.505971620880448,0.41227851254175574,0.453,958,125
UNCITRAL rules,(3) year + respondent + home State FE,Sj,14.619232474283844,7.209247720266338,0.04471903078541132,,958,125
UNCITRAL rules,(3) year + respondent + home State FE,BiSj,14.31972397711573,7.864453333455219,0.07104596414590769,0.106,958,125
UNCITRAL rules,(4) respondent x year FE (identifies b3 only),Bi,-3.672133432257063,5.187006489685161,0.4803058336521144,,958,125
UNCITRAL rules,(4) respondent x year FE (identifies b3 only),BiSj,6.6050943261118125,14.269925671364629,0.6442701476922452,0.78,958,125
Non-ICSID rules,(1) year FE,Sj,38.49709125675341,10.47332609555495,0.00035162366366940927,,958,125
Non-ICSID rules,(1) year FE,Bi,-10.081536607922226,4.766459203476398,0.03642269253352717,,958,125
Non-ICSID rules,(1) year FE,BiSj,-19.96742338785164,8.616840406839051,0.02212938616083102,0.072,958,125
Non-ICSID rules,(2) year + respondent FE,Sj,22.486588367309945,10.194947007144052,0.029250887568195428,,958,125
Non-ICSID rules,(2) year + respondent FE,Bi,-6.431038555402665,4.233761398121931,0.13131079738760632,,958,125
Non-ICSID rules,(2) year + respondent FE,BiSj,-3.47661042830151,12.439844945530671,0.7803468807688574,0.801,958,125
Non-ICSID rules,(3) year + respondent + home State FE,Sj,21.3434964807588,7.403698836005419,0.004647389199181005,,958,125
Non-ICSID rules,(3) year + respondent + home State FE,BiSj,-3.4069329555979957,9.103226769773725,0.7088534298803152,0.729,958,125
Non-ICSID rules,(4) respondent x year FE (identifies b3 only),Bi,-2.2880893920699767,5.2633570547352,0.6645208887898387,,958,125
Non-ICSID rules,(4) respondent x year FE (identifies b3 only),BiSj,-4.555486026924441,8.897631944872254,0.6095696437257391,0.617,958,125
