outcome,specification,effect,se,p_cr1,n,p_wcb_webb,p_perm,share_explained
is_uncitral,(0) no availability control,25.500627249617178,6.486688380962255,0.00013966693407570417,958,0.012,0.047,0.0
is_uncitral,(1) strict: denunciation ends availability,11.056719940717398,10.466048652389878,0.2928225288280556,958,0.288,0.3,0.56641380494343
is_uncitral,(2) three-valued: contested as own category,12.448802825011622,11.115375054615926,0.264894338870384,958,0.2685,0.258,0.511823662094488
is_uncitral,(3) permissive: Art. 72 consent survives,24.814735706719873,5.9943105116231585,6.374360965401018e-05,958,0.0125,0.046,0.02689704595041298
is_uncitral,(4) drop contested cases,31.220455600401802,7.528061291115222,6.222261121563022e-05,903,0.0065,0.02,-0.22430147677526202
natcourt_exposed,(0) no availability control,40.6727527242468,13.307648421800291,0.0027443410401235403,958,0.1295,0.009,0.0
natcourt_exposed,(1) strict: denunciation ends availability,15.861650171775748,6.225157139615234,0.012055707500344974,958,0.1,0.129,0.6100177856336748
natcourt_exposed,(2) three-valued: contested as own category,20.70201015006415,7.651511875575609,0.007777907664094914,958,0.083,0.057,0.4910103505799158
natcourt_exposed,(3) permissive: Art. 72 consent survives,39.46794651424427,12.676018976042839,0.0022955102235493463,958,0.092,0.009,0.029621949076593768
natcourt_exposed,(4) drop contested cases,14.555862276899285,10.376235631083315,0.16319334502924987,903,0.2175,0.191,0.6421225193292142
