case_name,year,respondent_iso3,claimant_iso3
IMC Invest v. Kyrgyzstan,2022,KGZ,USA
Holcim v. Ecuador,2021,ECU,ESP
Alicia Grace and others v. Mexico,2018,MEX,USA
GBM Global and others v. Spain,2018,ESP,MEX
PACC v. Mexico,2018,MEX,SGP
Valle Ruiz and others v. Spain,2018,ESP,MEX
Eli Lilly v. Canada,2013,CAN,USA
Lone Pine v. Canada,2013,CAN,USA
Stans Energy v. Kyrgyzstan,2013,KGZ,CAN
Windstream Energy v. Canada (I),2013,CAN,USA
WWM and Carroll v. Kazakhstan,2013,KAZ,CAN
Blue Bank v. Venezuela,2012,VEN,BRB
Fabrica de Vidrios v. Venezuela (I),2012,VEN,NLD
García Armas and García Gruber v. Venezuela,2012,VEN,ESP
IGB v. Spain,2012,ESP,VEN
Rusoro Mining v. Venezuela,2012,VEN,CAN
Saint-Gobain v. Venezuela,2012,VEN,FRA
Tenaris and Talta v. Venezuela (II),2012,VEN,LUX
Ternium v. Venezuela,2012,VEN,ESP
Transban v. Venezuela,2012,VEN,BRB
Valle Verde v. Venezuela,2012,VEN,ESP
Arif v. Moldova,2011,MDA,FRA
RSM v. Ecuador,2010,ECU,USA
