quantity,value
bloc1_k2 natcourt_exposed none beta,33.284002149076315
bloc1_k2 natcourt_exposed none p_wcb,0.1435
bloc1_k2 natcourt_exposed none p_cv3,0.1539064921975339
bloc1_k2 natcourt_exposed none p_timing,0.156
bloc1_k2 natcourt_exposed strict beta,8.885626039207134
bloc1_k2 natcourt_exposed strict p_wcb,0.367
bloc1_k2 natcourt_exposed strict p_cv3,0.33269358642616
bloc1_k2 natcourt_exposed strict p_timing,0.423
bloc1_k2 natcourt_exposed three beta,11.577793210843886
bloc1_k2 natcourt_exposed three p_wcb,0.345
bloc1_k2 natcourt_exposed three p_cv3,0.3136791971479523
bloc1_k2 natcourt_exposed three p_timing,0.35
bloc1_k2 natcourt_exposed lax beta,29.30387942063174
bloc1_k2 natcourt_exposed lax p_wcb,0.3335
bloc1_k2 natcourt_exposed lax p_cv3,0.2767552849072927
bloc1_k2 natcourt_exposed lax p_timing,0.176
bloc1_k2 is_uncitral none beta,15.52813568434097
bloc1_k2 is_uncitral none p_wcb,0.055
bloc1_k2 is_uncitral none p_cv3,0.0065600933691562
bloc1_k2 is_uncitral none p_timing,0.339
bloc1_k2 is_uncitral strict beta,1.0037850230118164
bloc1_k2 is_uncitral strict p_wcb,0.8845
bloc1_k2 is_uncitral strict p_cv3,0.910776668503548
bloc1_k2 is_uncitral strict p_timing,0.873
bloc1_k2 is_uncitral three beta,0.4944559097894536
bloc1_k2 is_uncitral three p_wcb,0.9445
bloc1_k2 is_uncitral three p_cv3,0.95939976685128
bloc1_k2 is_uncitral three p_timing,0.945
bloc1_k2 is_uncitral lax beta,13.254971635221716
bloc1_k2 is_uncitral lax p_wcb,0.1355
bloc1_k2 is_uncitral lax p_cv3,0.0666977277401379
bloc1_k2 is_uncitral lax p_timing,0.36
idx10 natcourt_exposed none beta,40.67275272424678
idx10 natcourt_exposed none p_wcb,0.126
idx10 natcourt_exposed none p_cv3,0.0951128524493543
idx10 natcourt_exposed none p_timing,0.116
idx10 natcourt_exposed strict beta,15.861650171775768
idx10 natcourt_exposed strict p_wcb,0.094
idx10 natcourt_exposed strict p_cv3,0.015479063973108
idx10 natcourt_exposed strict p_timing,0.206
idx10 natcourt_exposed three beta,20.70201015006416
idx10 natcourt_exposed three p_wcb,0.0765
idx10 natcourt_exposed three p_cv3,0.0316157294725431
idx10 natcourt_exposed three p_timing,0.13
idx10 natcourt_exposed lax beta,39.46794651424429
idx10 natcourt_exposed lax p_wcb,0.09
idx10 natcourt_exposed lax p_cv3,0.1236731057064737
idx10 natcourt_exposed lax p_timing,0.102
idx10 is_uncitral none beta,25.50062724961717
idx10 is_uncitral none p_wcb,0.0165
idx10 is_uncitral none p_cv3,0.0080966258626935
idx10 is_uncitral none p_timing,0.336
idx10 is_uncitral strict beta,11.056719940717402
idx10 is_uncitral strict p_wcb,0.2915
idx10 is_uncitral strict p_cv3,0.5978051941167926
idx10 is_uncitral strict p_timing,0.503
idx10 is_uncitral three beta,12.448802825011606
idx10 is_uncitral three p_wcb,0.275
idx10 is_uncitral three p_cv3,0.5276492143873828
idx10 is_uncitral three p_timing,0.483
idx10 is_uncitral lax beta,24.81473570671989
idx10 is_uncitral lax p_wcb,0.0175
idx10 is_uncitral lax p_cv3,0.0031386879460627
idx10 is_uncitral lax p_timing,0.318
bloc1_k2 natcourt_exposed attenuation,21.70620893823243
bloc1_k2 natcourt_exposed attenuation ci_lo,3.733947006878712
bloc1_k2 natcourt_exposed attenuation ci_hi,28.51985173844064
bloc1_k2 is_uncitral attenuation,15.033679774551516
bloc1_k2 is_uncitral attenuation ci_lo,2.487775841003687
bloc1_k2 is_uncitral attenuation ci_hi,22.353493081790493
idx10 natcourt_exposed attenuation,19.970742574182616
idx10 natcourt_exposed attenuation ci_lo,-4.685556358609572
idx10 natcourt_exposed attenuation ci_hi,29.12679941322435
idx10 is_uncitral attenuation,13.051824424605565
idx10 is_uncitral attenuation ci_lo,-3.017676521583807
idx10 is_uncitral attenuation ci_hi,23.80972652705215
bloc1_k2 etwfe RR,2.6503707092696094
bloc1_k2 etwfe RR ci_lo,1.1226115358417728
bloc1_k2 etwfe RR ci_hi,14.611348442617116
bloc1_k2 twfe RR,1.2817622233198087
bloc1_k2 twfe RR ci_lo,0.7969901424580303
bloc1_k2 twfe RR ci_hi,3.108033896978069
