design,outcome,statistic,value
profile,natcourt_exposed,median_beta,1.3166650561667748
profile,natcourt_exposed,share_pos_sig,0.0
profile,is_uncitral,median_beta,11.530231299970612
profile,is_uncitral,share_pos_sig,0.23214285714285715
timing,natcourt_exposed,median_beta,7.606532593126371
timing,natcourt_exposed,share_pos_sig,0.3125
timing,is_uncitral,median_beta,8.217547988825778
timing,is_uncitral,share_pos_sig,0.26785714285714285
profile,natcourt_exposed,median_beta,4.02471745373722
profile,natcourt_exposed,share_pos_sig,0.0
profile,is_uncitral,median_beta,8.772444935170004
profile,is_uncitral,share_pos_sig,0.26785714285714285
timing,natcourt_exposed,median_beta,13.617568776310318
timing,natcourt_exposed,share_pos_sig,0.32142857142857145
timing,is_uncitral,median_beta,7.51520258396404
timing,is_uncitral,share_pos_sig,0.11607142857142858
profile,natcourt_exposed,median_beta,-5.238190135233214
profile,natcourt_exposed,share_pos_sig,0.0
profile,is_uncitral,median_beta,2.3438139587777007
profile,is_uncitral,share_pos_sig,0.0
timing,natcourt_exposed,median_beta,6.86179419896448
timing,natcourt_exposed,share_pos_sig,0.21428571428571427
timing,is_uncitral,median_beta,10.99510178075489
timing,is_uncitral,share_pos_sig,0.32142857142857145
profile,natcourt_exposed,median_beta,0.6177369905272685
profile,natcourt_exposed,share_pos_sig,0.0
profile,is_uncitral,median_beta,6.143468173329747
profile,is_uncitral,share_pos_sig,0.0
timing,natcourt_exposed,median_beta,3.5235800953401766
timing,natcourt_exposed,share_pos_sig,0.15178571428571427
timing,is_uncitral,median_beta,7.263532268994821
timing,is_uncitral,share_pos_sig,0.3392857142857143
profile,natcourt_exposed,median_beta,-1.6796991522400244
profile,natcourt_exposed,share_pos_sig,0.0
profile,is_uncitral,median_beta,10.050310762609588
profile,is_uncitral,share_pos_sig,0.08928571428571429
timing,natcourt_exposed,median_beta,8.161821530091675
timing,natcourt_exposed,share_pos_sig,0.10714285714285714
timing,is_uncitral,median_beta,4.756862044605382
timing,is_uncitral,share_pos_sig,0.14285714285714285
profile,natcourt_exposed,median_beta,3.916049558286554
profile,natcourt_exposed,share_pos_sig,0.05357142857142857
profile,is_uncitral,median_beta,13.412118904762249
profile,is_uncitral,share_pos_sig,0.14285714285714285
timing,natcourt_exposed,median_beta,11.915946690081553
timing,natcourt_exposed,share_pos_sig,0.23214285714285715
timing,is_uncitral,median_beta,7.147670034552604
timing,is_uncitral,share_pos_sig,0.11607142857142858
profile,natcourt_exposed,median_beta,2.3623839118558037
profile,natcourt_exposed,share_pos_sig,0.017857142857142856
profile,is_uncitral,median_beta,2.0612993582785553
profile,is_uncitral,share_pos_sig,0.017857142857142856
timing,natcourt_exposed,median_beta,11.015484135168116
timing,natcourt_exposed,share_pos_sig,0.4017857142857143
timing,is_uncitral,median_beta,1.589688913693804
timing,is_uncitral,share_pos_sig,0.0
profile,natcourt_exposed,median_beta,5.787857018966987
profile,natcourt_exposed,share_pos_sig,0.08035714285714286
profile,is_uncitral,median_beta,8.90021700914247
profile,is_uncitral,share_pos_sig,0.17857142857142858
timing,natcourt_exposed,median_beta,7.991898762623578
timing,natcourt_exposed,share_pos_sig,0.25
timing,is_uncitral,median_beta,9.321308885226564
timing,is_uncitral,share_pos_sig,0.29464285714285715
profile,natcourt_exposed,median_beta,0.7185448849397824
profile,natcourt_exposed,share_pos_sig,0.08928571428571429
profile,is_uncitral,median_beta,3.8817344913309006
profile,is_uncitral,share_pos_sig,0.16071428571428573
timing,natcourt_exposed,median_beta,9.995704207479982
timing,natcourt_exposed,share_pos_sig,0.3125
timing,is_uncitral,median_beta,7.870738467792753
timing,is_uncitral,share_pos_sig,0.03571428571428571
profile,natcourt_exposed,median_beta,6.117673560909641
profile,natcourt_exposed,share_pos_sig,0.017857142857142856
profile,is_uncitral,median_beta,3.7694218802547965
profile,is_uncitral,share_pos_sig,0.0
timing,natcourt_exposed,median_beta,3.358382294935792
timing,natcourt_exposed,share_pos_sig,0.07142857142857142
timing,is_uncitral,median_beta,7.5943052835628055
timing,is_uncitral,share_pos_sig,0.05357142857142857
profile,natcourt_exposed,median_beta,8.370734346278883
profile,natcourt_exposed,share_pos_sig,0.03571428571428571
profile,is_uncitral,median_beta,14.937531764782044
profile,is_uncitral,share_pos_sig,0.25
timing,natcourt_exposed,median_beta,4.3786335049420355
timing,natcourt_exposed,share_pos_sig,0.03571428571428571
timing,is_uncitral,median_beta,1.6669240104771335
timing,is_uncitral,share_pos_sig,0.10714285714285714
profile,natcourt_exposed,median_beta,-5.24395322238755
profile,natcourt_exposed,share_pos_sig,0.0
profile,is_uncitral,median_beta,6.77358910360147
profile,is_uncitral,share_pos_sig,0.05357142857142857
timing,natcourt_exposed,median_beta,1.4129028094025282
timing,natcourt_exposed,share_pos_sig,0.03571428571428571
timing,is_uncitral,median_beta,5.548269293749897
timing,is_uncitral,share_pos_sig,0.03571428571428571
profile,natcourt_exposed,median_beta,7.842185523560621
profile,natcourt_exposed,share_pos_sig,0.14285714285714285
profile,is_uncitral,median_beta,12.644343827313008
profile,is_uncitral,share_pos_sig,0.26785714285714285
timing,natcourt_exposed,median_beta,12.816319363402531
timing,natcourt_exposed,share_pos_sig,0.36607142857142855
timing,is_uncitral,median_beta,5.472452460856426
timing,is_uncitral,share_pos_sig,0.14285714285714285
profile,natcourt_exposed,median_beta,4.261275697551852
profile,natcourt_exposed,share_pos_sig,0.03571428571428571
profile,is_uncitral,median_beta,4.156807734525675
profile,is_uncitral,share_pos_sig,0.03571428571428571
timing,natcourt_exposed,median_beta,9.827382149709575
timing,natcourt_exposed,share_pos_sig,0.26785714285714285
timing,is_uncitral,median_beta,6.983160455177073
timing,is_uncitral,share_pos_sig,0.125
profile,natcourt_exposed,median_beta,10.701134634234242
profile,natcourt_exposed,share_pos_sig,0.3392857142857143
profile,is_uncitral,median_beta,6.0229803419627554
profile,is_uncitral,share_pos_sig,0.044642857142857144
timing,natcourt_exposed,median_beta,12.161348519844587
timing,natcourt_exposed,share_pos_sig,0.23214285714285715
timing,is_uncitral,median_beta,9.881103297391212
timing,is_uncitral,share_pos_sig,0.32142857142857145
profile,natcourt_exposed,median_beta,15.221599908955662
profile,natcourt_exposed,share_pos_sig,0.4107142857142857
profile,is_uncitral,median_beta,6.644700071038131
profile,is_uncitral,share_pos_sig,0.19642857142857142
timing,natcourt_exposed,median_beta,12.468662732963596
timing,natcourt_exposed,share_pos_sig,0.38392857142857145
timing,is_uncitral,median_beta,10.64718913750474
timing,is_uncitral,share_pos_sig,0.21428571428571427
profile,natcourt_exposed,median_beta,4.3298587284848775
profile,natcourt_exposed,share_pos_sig,0.044642857142857144
profile,is_uncitral,median_beta,-0.9971839115902719
profile,is_uncitral,share_pos_sig,0.0
timing,natcourt_exposed,median_beta,8.052329991802889
timing,natcourt_exposed,share_pos_sig,0.17857142857142858
timing,is_uncitral,median_beta,3.938392051112921
timing,is_uncitral,share_pos_sig,0.03571428571428571
profile,natcourt_exposed,median_beta,1.034066969726907
profile,natcourt_exposed,share_pos_sig,0.017857142857142856
profile,is_uncitral,median_beta,8.199344945299934
profile,is_uncitral,share_pos_sig,0.10714285714285714
timing,natcourt_exposed,median_beta,14.843665515421986
timing,natcourt_exposed,share_pos_sig,0.4017857142857143
timing,is_uncitral,median_beta,11.541940891559882
timing,is_uncitral,share_pos_sig,0.13392857142857142
profile,natcourt_exposed,median_beta,-2.091825319813985
profile,natcourt_exposed,share_pos_sig,0.0
profile,is_uncitral,median_beta,7.302893256568328
profile,is_uncitral,share_pos_sig,0.0
timing,natcourt_exposed,median_beta,16.721544361156923
timing,natcourt_exposed,share_pos_sig,0.5
timing,is_uncitral,median_beta,11.31216173443396
timing,is_uncitral,share_pos_sig,0.1875
profile,natcourt_exposed,median_beta,5.226804583324434
profile,natcourt_exposed,share_pos_sig,0.10714285714285714
profile,is_uncitral,median_beta,8.022003870754155
profile,is_uncitral,share_pos_sig,0.14285714285714285
timing,natcourt_exposed,median_beta,10.72246900276093
timing,natcourt_exposed,share_pos_sig,0.21428571428571427
timing,is_uncitral,median_beta,9.381864426833165
timing,is_uncitral,share_pos_sig,0.21428571428571427
profile,natcourt_exposed,median_beta,2.3533451823326903
profile,natcourt_exposed,share_pos_sig,0.0
profile,is_uncitral,median_beta,5.491870500888242
profile,is_uncitral,share_pos_sig,0.0
timing,natcourt_exposed,median_beta,5.8253060149512965
timing,natcourt_exposed,share_pos_sig,0.017857142857142856
timing,is_uncitral,median_beta,8.192786093038084
timing,is_uncitral,share_pos_sig,0.21428571428571427
profile,natcourt_exposed,median_beta,0.6239586712643501
profile,natcourt_exposed,share_pos_sig,0.0
profile,is_uncitral,median_beta,5.847825572438804
profile,is_uncitral,share_pos_sig,0.26785714285714285
timing,natcourt_exposed,median_beta,15.672130589311298
timing,natcourt_exposed,share_pos_sig,0.44642857142857145
timing,is_uncitral,median_beta,13.015715869578656
timing,is_uncitral,share_pos_sig,0.2767857142857143
profile,natcourt_exposed,median_beta,2.8877362850233648
profile,natcourt_exposed,share_pos_sig,0.0
profile,is_uncitral,median_beta,4.492307686394892
profile,is_uncitral,share_pos_sig,0.0
timing,natcourt_exposed,median_beta,6.659812899202807
timing,natcourt_exposed,share_pos_sig,0.19642857142857142
timing,is_uncitral,median_beta,7.126181308447444
timing,is_uncitral,share_pos_sig,0.10714285714285714
profile,natcourt_exposed,median_beta,-2.919303473923634
profile,natcourt_exposed,share_pos_sig,0.0
profile,is_uncitral,median_beta,-8.971653732230308
profile,is_uncitral,share_pos_sig,0.0
timing,natcourt_exposed,median_beta,9.770081608487533
timing,natcourt_exposed,share_pos_sig,0.25
timing,is_uncitral,median_beta,7.495729790835441
timing,is_uncitral,share_pos_sig,0.125
profile,natcourt_exposed,median_beta,1.3214881393002225
profile,natcourt_exposed,share_pos_sig,0.026785714285714284
profile,is_uncitral,median_beta,5.385755991694014
profile,is_uncitral,share_pos_sig,0.17857142857142858
timing,natcourt_exposed,median_beta,4.83712159545386
timing,natcourt_exposed,share_pos_sig,0.20535714285714285
timing,is_uncitral,median_beta,4.617248242556844
timing,is_uncitral,share_pos_sig,0.026785714285714284
profile,natcourt_exposed,median_beta,12.565628401368413
profile,natcourt_exposed,share_pos_sig,0.30357142857142855
profile,is_uncitral,median_beta,10.79469198876528
profile,is_uncitral,share_pos_sig,0.4642857142857143
timing,natcourt_exposed,median_beta,17.34791750340603
timing,natcourt_exposed,share_pos_sig,0.5
timing,is_uncitral,median_beta,7.545359567909081
timing,is_uncitral,share_pos_sig,0.16071428571428573
profile,natcourt_exposed,median_beta,-0.952029593401251
profile,natcourt_exposed,share_pos_sig,0.0
profile,is_uncitral,median_beta,7.184331952719516
profile,is_uncitral,share_pos_sig,0.03571428571428571
timing,natcourt_exposed,median_beta,7.972667524145684
timing,natcourt_exposed,share_pos_sig,0.23214285714285715
timing,is_uncitral,median_beta,12.428799978304566
timing,is_uncitral,share_pos_sig,0.32142857142857145
profile,natcourt_exposed,median_beta,15.328923756014628
profile,natcourt_exposed,share_pos_sig,0.6785714285714286
profile,is_uncitral,median_beta,11.542255486546821
profile,is_uncitral,share_pos_sig,0.2857142857142857
timing,natcourt_exposed,median_beta,7.430514877994547
timing,natcourt_exposed,share_pos_sig,0.2767857142857143
timing,is_uncitral,median_beta,6.998542380018367
timing,is_uncitral,share_pos_sig,0.21428571428571427
profile,natcourt_exposed,median_beta,-1.220235478890154
profile,natcourt_exposed,share_pos_sig,0.03571428571428571
profile,is_uncitral,median_beta,-4.625138239668747
profile,is_uncitral,share_pos_sig,0.017857142857142856
timing,natcourt_exposed,median_beta,5.779999818920005
timing,natcourt_exposed,share_pos_sig,0.25
timing,is_uncitral,median_beta,3.5995227984859115
timing,is_uncitral,share_pos_sig,0.2857142857142857
profile,natcourt_exposed,median_beta,3.0953652067279536
profile,natcourt_exposed,share_pos_sig,0.0
profile,is_uncitral,median_beta,-2.6568955741659037
profile,is_uncitral,share_pos_sig,0.0
timing,natcourt_exposed,median_beta,10.136453444370312
timing,natcourt_exposed,share_pos_sig,0.26785714285714285
timing,is_uncitral,median_beta,11.643594142543154
timing,is_uncitral,share_pos_sig,0.21428571428571427
profile,natcourt_exposed,median_beta,-12.192038478746523
profile,natcourt_exposed,share_pos_sig,0.0
profile,is_uncitral,median_beta,7.168382147686373
profile,is_uncitral,share_pos_sig,0.0
timing,natcourt_exposed,median_beta,15.354579747893542
timing,natcourt_exposed,share_pos_sig,0.44642857142857145
timing,is_uncitral,median_beta,10.044066537425788
timing,is_uncitral,share_pos_sig,0.13392857142857142
profile,natcourt_exposed,median_beta,-0.9899508174695877
profile,natcourt_exposed,share_pos_sig,0.0
profile,is_uncitral,median_beta,8.996730181798206
profile,is_uncitral,share_pos_sig,0.26785714285714285
timing,natcourt_exposed,median_beta,9.04254378354549
timing,natcourt_exposed,share_pos_sig,0.16964285714285715
timing,is_uncitral,median_beta,10.484007402643078
timing,is_uncitral,share_pos_sig,0.26785714285714285
profile,natcourt_exposed,median_beta,4.351158370033977
profile,natcourt_exposed,share_pos_sig,0.03571428571428571
profile,is_uncitral,median_beta,4.12067840250063
profile,is_uncitral,share_pos_sig,0.03571428571428571
timing,natcourt_exposed,median_beta,10.756609607622288
timing,natcourt_exposed,share_pos_sig,0.41964285714285715
timing,is_uncitral,median_beta,4.140895052349623
timing,is_uncitral,share_pos_sig,0.008928571428571428
profile,natcourt_exposed,median_beta,-7.031680207198532
profile,natcourt_exposed,share_pos_sig,0.0
profile,is_uncitral,median_beta,-0.8743892956936954
profile,is_uncitral,share_pos_sig,0.0
timing,natcourt_exposed,median_beta,7.949202397713934
timing,natcourt_exposed,share_pos_sig,0.17857142857142858
timing,is_uncitral,median_beta,3.0214345025311187
timing,is_uncitral,share_pos_sig,0.14285714285714285
profile,natcourt_exposed,median_beta,2.5351053177889966
profile,natcourt_exposed,share_pos_sig,0.05357142857142857
profile,is_uncitral,median_beta,1.7676851462261232
profile,is_uncitral,share_pos_sig,0.017857142857142856
timing,natcourt_exposed,median_beta,14.727846790309869
timing,natcourt_exposed,share_pos_sig,0.41964285714285715
timing,is_uncitral,median_beta,5.444548193915585
timing,is_uncitral,share_pos_sig,0.16071428571428573
profile,natcourt_exposed,median_beta,-1.1108389504482747
profile,natcourt_exposed,share_pos_sig,0.0
profile,is_uncitral,median_beta,7.7058223947289495
profile,is_uncitral,share_pos_sig,0.05357142857142857
timing,natcourt_exposed,median_beta,4.31032399298557
timing,natcourt_exposed,share_pos_sig,0.11607142857142858
timing,is_uncitral,median_beta,0.609101850090554
timing,is_uncitral,share_pos_sig,0.0625
profile,natcourt_exposed,median_beta,2.476309967144227
profile,natcourt_exposed,share_pos_sig,0.03571428571428571
profile,is_uncitral,median_beta,10.553214544053677
profile,is_uncitral,share_pos_sig,0.2857142857142857
timing,natcourt_exposed,median_beta,7.452381340899727
timing,natcourt_exposed,share_pos_sig,0.32142857142857145
timing,is_uncitral,median_beta,3.58433708332384
timing,is_uncitral,share_pos_sig,0.17857142857142858
profile,natcourt_exposed,median_beta,-6.922002178974916
profile,natcourt_exposed,share_pos_sig,0.0
profile,is_uncitral,median_beta,2.492516258507764
profile,is_uncitral,share_pos_sig,0.10714285714285714
timing,natcourt_exposed,median_beta,9.736432719550978
timing,natcourt_exposed,share_pos_sig,0.29464285714285715
timing,is_uncitral,median_beta,2.6352105602342104
timing,is_uncitral,share_pos_sig,0.03571428571428571
profile,natcourt_exposed,median_beta,-0.7839687630951717
profile,natcourt_exposed,share_pos_sig,0.0
profile,is_uncitral,median_beta,2.173601882861159
profile,is_uncitral,share_pos_sig,0.0
timing,natcourt_exposed,median_beta,7.774741997621232
timing,natcourt_exposed,share_pos_sig,0.17857142857142858
timing,is_uncitral,median_beta,8.892021673315305
timing,is_uncitral,share_pos_sig,0.03571428571428571
profile,natcourt_exposed,median_beta,-8.658655130102098
profile,natcourt_exposed,share_pos_sig,0.0
profile,is_uncitral,median_beta,5.162828102387458
profile,is_uncitral,share_pos_sig,0.0
timing,natcourt_exposed,median_beta,11.18339623043056
timing,natcourt_exposed,share_pos_sig,0.29464285714285715
timing,is_uncitral,median_beta,6.563222742602822
timing,is_uncitral,share_pos_sig,0.30357142857142855
profile,natcourt_exposed,median_beta,4.468857149471209
profile,natcourt_exposed,share_pos_sig,0.0
profile,is_uncitral,median_beta,-1.821842966868918
profile,is_uncitral,share_pos_sig,0.23214285714285715
timing,natcourt_exposed,median_beta,6.904210070911288
timing,natcourt_exposed,share_pos_sig,0.17857142857142858
timing,is_uncitral,median_beta,7.437019354940933
timing,is_uncitral,share_pos_sig,0.11607142857142858
profile,natcourt_exposed,median_beta,-6.258906933571882
profile,natcourt_exposed,share_pos_sig,0.0
profile,is_uncitral,median_beta,-6.305861663167732
profile,is_uncitral,share_pos_sig,0.0
timing,natcourt_exposed,median_beta,13.14316512033372
timing,natcourt_exposed,share_pos_sig,0.35714285714285715
timing,is_uncitral,median_beta,5.406174548667359
timing,is_uncitral,share_pos_sig,0.10714285714285714
profile,natcourt_exposed,median_beta,-3.409997520073855
profile,natcourt_exposed,share_pos_sig,0.0
profile,is_uncitral,median_beta,11.003077939292947
profile,is_uncitral,share_pos_sig,0.0
timing,natcourt_exposed,median_beta,13.18129520515009
timing,natcourt_exposed,share_pos_sig,0.3482142857142857
timing,is_uncitral,median_beta,10.109482031125278
timing,is_uncitral,share_pos_sig,0.3125
profile,natcourt_exposed,median_beta,-1.6265982333750233
profile,natcourt_exposed,share_pos_sig,0.0
profile,is_uncitral,median_beta,11.2274316856369
profile,is_uncitral,share_pos_sig,0.2857142857142857
timing,natcourt_exposed,median_beta,10.444520872094927
timing,natcourt_exposed,share_pos_sig,0.25892857142857145
timing,is_uncitral,median_beta,6.606592189692693
timing,is_uncitral,share_pos_sig,0.14285714285714285
profile,natcourt_exposed,median_beta,3.441782680329279
profile,natcourt_exposed,share_pos_sig,0.0
profile,is_uncitral,median_beta,1.7726615914879251
profile,is_uncitral,share_pos_sig,0.0
timing,natcourt_exposed,median_beta,8.62330618392168
timing,natcourt_exposed,share_pos_sig,0.13392857142857142
timing,is_uncitral,median_beta,8.355533298991212
timing,is_uncitral,share_pos_sig,0.19642857142857142
profile,natcourt_exposed,median_beta,-1.5664739121653986
profile,natcourt_exposed,share_pos_sig,0.0
profile,is_uncitral,median_beta,7.06026407284126
profile,is_uncitral,share_pos_sig,0.2857142857142857
timing,natcourt_exposed,median_beta,9.146956588755
timing,natcourt_exposed,share_pos_sig,0.125
timing,is_uncitral,median_beta,7.291614897688872
timing,is_uncitral,share_pos_sig,0.17857142857142858
profile,natcourt_exposed,median_beta,-0.7794609616528649
profile,natcourt_exposed,share_pos_sig,0.0
profile,is_uncitral,median_beta,5.682184196966938
profile,is_uncitral,share_pos_sig,0.026785714285714284
timing,natcourt_exposed,median_beta,9.037043885437475
timing,natcourt_exposed,share_pos_sig,0.2857142857142857
timing,is_uncitral,median_beta,6.041113764086358
timing,is_uncitral,share_pos_sig,0.16071428571428573
profile,natcourt_exposed,median_beta,-1.4727662284409928
profile,natcourt_exposed,share_pos_sig,0.03571428571428571
profile,is_uncitral,median_beta,8.646001999684833
profile,is_uncitral,share_pos_sig,0.0
timing,natcourt_exposed,median_beta,8.409370686557196
timing,natcourt_exposed,share_pos_sig,0.19642857142857142
timing,is_uncitral,median_beta,6.723481003044
timing,is_uncitral,share_pos_sig,0.03571428571428571
profile,natcourt_exposed,median_beta,4.336802446733254
profile,natcourt_exposed,share_pos_sig,0.125
profile,is_uncitral,median_beta,8.763465655378162
profile,is_uncitral,share_pos_sig,0.20535714285714285
timing,natcourt_exposed,median_beta,11.643161070231498
timing,natcourt_exposed,share_pos_sig,0.4107142857142857
timing,is_uncitral,median_beta,10.13512988945762
timing,is_uncitral,share_pos_sig,0.25
profile,natcourt_exposed,median_beta,13.98724199748195
profile,natcourt_exposed,share_pos_sig,0.32142857142857145
profile,is_uncitral,median_beta,10.953317721148798
profile,is_uncitral,share_pos_sig,0.16071428571428573
timing,natcourt_exposed,median_beta,12.123473709166294
timing,natcourt_exposed,share_pos_sig,0.375
timing,is_uncitral,median_beta,8.324040883053897
timing,is_uncitral,share_pos_sig,0.1875
profile,natcourt_exposed,median_beta,-9.292769536859886
profile,natcourt_exposed,share_pos_sig,0.0
profile,is_uncitral,median_beta,-0.8809923667205335
profile,is_uncitral,share_pos_sig,0.0
timing,natcourt_exposed,median_beta,11.268286169029874
timing,natcourt_exposed,share_pos_sig,0.26785714285714285
timing,is_uncitral,median_beta,6.2190021272815805
timing,is_uncitral,share_pos_sig,0.16071428571428573
profile,natcourt_exposed,median_beta,0.03018375350457206
profile,natcourt_exposed,share_pos_sig,0.0
profile,is_uncitral,median_beta,-0.6827210138776887
profile,is_uncitral,share_pos_sig,0.07142857142857142
timing,natcourt_exposed,median_beta,4.352318860041805
timing,natcourt_exposed,share_pos_sig,0.2857142857142857
timing,is_uncitral,median_beta,11.782881105904663
timing,is_uncitral,share_pos_sig,0.23214285714285715
profile,natcourt_exposed,median_beta,2.4753750557463254
profile,natcourt_exposed,share_pos_sig,0.0
profile,is_uncitral,median_beta,15.592728619065317
profile,is_uncitral,share_pos_sig,0.0
timing,natcourt_exposed,median_beta,8.398114987800916
timing,natcourt_exposed,share_pos_sig,0.125
timing,is_uncitral,median_beta,6.9363523221443355
timing,is_uncitral,share_pos_sig,0.017857142857142856
profile,natcourt_exposed,median_beta,-5.010647791976443
profile,natcourt_exposed,share_pos_sig,0.0
profile,is_uncitral,median_beta,0.8414035028936008
profile,is_uncitral,share_pos_sig,0.044642857142857144
timing,natcourt_exposed,median_beta,7.154020335244647
timing,natcourt_exposed,share_pos_sig,0.14285714285714285
timing,is_uncitral,median_beta,5.729201394643548
timing,is_uncitral,share_pos_sig,0.03571428571428571
profile,natcourt_exposed,median_beta,7.850346569512061
profile,natcourt_exposed,share_pos_sig,0.0
profile,is_uncitral,median_beta,9.273311465522047
profile,is_uncitral,share_pos_sig,0.017857142857142856
timing,natcourt_exposed,median_beta,6.000333797906183
timing,natcourt_exposed,share_pos_sig,0.14285714285714285
timing,is_uncitral,median_beta,6.21867131554738
timing,is_uncitral,share_pos_sig,0.07142857142857142
profile,natcourt_exposed,median_beta,-3.1901331100681434
profile,natcourt_exposed,share_pos_sig,0.07142857142857142
profile,is_uncitral,median_beta,4.818033614254642
profile,is_uncitral,share_pos_sig,0.0
timing,natcourt_exposed,median_beta,15.326195673175716
timing,natcourt_exposed,share_pos_sig,0.29464285714285715
timing,is_uncitral,median_beta,11.04841936300863
timing,is_uncitral,share_pos_sig,0.3392857142857143
profile,natcourt_exposed,median_beta,-2.8752855408279268
profile,natcourt_exposed,share_pos_sig,0.0
profile,is_uncitral,median_beta,1.2095176415477926
profile,is_uncitral,share_pos_sig,0.19642857142857142
timing,natcourt_exposed,median_beta,6.6935900014421605
timing,natcourt_exposed,share_pos_sig,0.15178571428571427
timing,is_uncitral,median_beta,10.201602774450542
timing,is_uncitral,share_pos_sig,0.25
profile,natcourt_exposed,median_beta,16.057433699864532
profile,natcourt_exposed,share_pos_sig,0.39285714285714285
profile,is_uncitral,median_beta,7.963278542304196
profile,is_uncitral,share_pos_sig,0.16071428571428573
timing,natcourt_exposed,median_beta,5.820825898265779
timing,natcourt_exposed,share_pos_sig,0.21428571428571427
timing,is_uncitral,median_beta,9.307752222042726
timing,is_uncitral,share_pos_sig,0.32142857142857145
profile,natcourt_exposed,median_beta,-0.10347751843251818
profile,natcourt_exposed,share_pos_sig,0.0
profile,is_uncitral,median_beta,7.450367776698032
profile,is_uncitral,share_pos_sig,0.08928571428571429
timing,natcourt_exposed,median_beta,9.344862894962155
timing,natcourt_exposed,share_pos_sig,0.26785714285714285
timing,is_uncitral,median_beta,5.530015356486579
timing,is_uncitral,share_pos_sig,0.08035714285714286
profile,natcourt_exposed,median_beta,-8.082062359833861
profile,natcourt_exposed,share_pos_sig,0.017857142857142856
profile,is_uncitral,median_beta,-1.378274513145566
profile,is_uncitral,share_pos_sig,0.2857142857142857
timing,natcourt_exposed,median_beta,11.417415548688682
timing,natcourt_exposed,share_pos_sig,0.1875
timing,is_uncitral,median_beta,9.359898196224343
timing,is_uncitral,share_pos_sig,0.39285714285714285
profile,natcourt_exposed,median_beta,-2.709353327632304
profile,natcourt_exposed,share_pos_sig,0.0
profile,is_uncitral,median_beta,1.0441730880700737
profile,is_uncitral,share_pos_sig,0.0
timing,natcourt_exposed,median_beta,10.819999576541953
timing,natcourt_exposed,share_pos_sig,0.19642857142857142
timing,is_uncitral,median_beta,10.220364051777699
timing,is_uncitral,share_pos_sig,0.22321428571428573
profile,natcourt_exposed,median_beta,-6.959602652352567
profile,natcourt_exposed,share_pos_sig,0.0
profile,is_uncitral,median_beta,3.111633973677781
profile,is_uncitral,share_pos_sig,0.017857142857142856
timing,natcourt_exposed,median_beta,11.049322065719775
timing,natcourt_exposed,share_pos_sig,0.3392857142857143
timing,is_uncitral,median_beta,6.409966570543254
timing,is_uncitral,share_pos_sig,0.07142857142857142
profile,natcourt_exposed,median_beta,4.241343006630989
profile,natcourt_exposed,share_pos_sig,0.017857142857142856
profile,is_uncitral,median_beta,5.417180325124313
profile,is_uncitral,share_pos_sig,0.0
timing,natcourt_exposed,median_beta,14.599319272818065
timing,natcourt_exposed,share_pos_sig,0.375
timing,is_uncitral,median_beta,12.549971017989694
timing,is_uncitral,share_pos_sig,0.21428571428571427
profile,natcourt_exposed,median_beta,11.293486261713134
profile,natcourt_exposed,share_pos_sig,0.13392857142857142
profile,is_uncitral,median_beta,8.036446900533726
profile,is_uncitral,share_pos_sig,0.0
timing,natcourt_exposed,median_beta,9.544913075919101
timing,natcourt_exposed,share_pos_sig,0.23214285714285715
timing,is_uncitral,median_beta,13.73889616701102
timing,is_uncitral,share_pos_sig,0.23214285714285715
profile,natcourt_exposed,median_beta,3.1255044692746408
profile,natcourt_exposed,share_pos_sig,0.0
profile,is_uncitral,median_beta,-1.0987478695179311
profile,is_uncitral,share_pos_sig,0.017857142857142856
timing,natcourt_exposed,median_beta,9.415512677801587
timing,natcourt_exposed,share_pos_sig,0.30357142857142855
timing,is_uncitral,median_beta,6.232523151260896
timing,is_uncitral,share_pos_sig,0.17857142857142858
profile,natcourt_exposed,median_beta,5.275216047077717
profile,natcourt_exposed,share_pos_sig,0.0
profile,is_uncitral,median_beta,10.31287633730496
profile,is_uncitral,share_pos_sig,0.20535714285714285
timing,natcourt_exposed,median_beta,10.229048776125875
timing,natcourt_exposed,share_pos_sig,0.30357142857142855
timing,is_uncitral,median_beta,9.312708748079888
timing,is_uncitral,share_pos_sig,0.125
profile,natcourt_exposed,median_beta,6.716749607096206
profile,natcourt_exposed,share_pos_sig,0.026785714285714284
profile,is_uncitral,median_beta,9.337574518630344
profile,is_uncitral,share_pos_sig,0.16964285714285715
timing,natcourt_exposed,median_beta,4.9302478253779185
timing,natcourt_exposed,share_pos_sig,0.09821428571428571
timing,is_uncitral,median_beta,9.076343377621775
timing,is_uncitral,share_pos_sig,0.017857142857142856
profile,natcourt_exposed,median_beta,-0.17026590971874683
profile,natcourt_exposed,share_pos_sig,0.10714285714285714
profile,is_uncitral,median_beta,11.237385611705061
profile,is_uncitral,share_pos_sig,0.38392857142857145
timing,natcourt_exposed,median_beta,8.804154800736807
timing,natcourt_exposed,share_pos_sig,0.25
timing,is_uncitral,median_beta,5.894340619071153
timing,is_uncitral,share_pos_sig,0.03571428571428571
profile,natcourt_exposed,median_beta,3.3997847544545303
profile,natcourt_exposed,share_pos_sig,0.07142857142857142
profile,is_uncitral,median_beta,2.1983269687783964
profile,is_uncitral,share_pos_sig,0.0
timing,natcourt_exposed,median_beta,5.699075598358797
timing,natcourt_exposed,share_pos_sig,0.19642857142857142
timing,is_uncitral,median_beta,5.772125111739079
timing,is_uncitral,share_pos_sig,0.03571428571428571
profile,natcourt_exposed,median_beta,4.833068707293582
profile,natcourt_exposed,share_pos_sig,0.05357142857142857
profile,is_uncitral,median_beta,8.328056313619257
profile,is_uncitral,share_pos_sig,0.24107142857142858
timing,natcourt_exposed,median_beta,11.327644548455288
timing,natcourt_exposed,share_pos_sig,0.3392857142857143
timing,is_uncitral,median_beta,5.619996106044415
timing,is_uncitral,share_pos_sig,0.2857142857142857
profile,natcourt_exposed,median_beta,-13.478099634702179
profile,natcourt_exposed,share_pos_sig,0.0
profile,is_uncitral,median_beta,2.587308711112346
profile,is_uncitral,share_pos_sig,0.0
timing,natcourt_exposed,median_beta,13.078207699575668
timing,natcourt_exposed,share_pos_sig,0.45535714285714285
timing,is_uncitral,median_beta,10.572710323776349
timing,is_uncitral,share_pos_sig,0.1875
profile,natcourt_exposed,median_beta,0.9991342391564142
profile,natcourt_exposed,share_pos_sig,0.0
profile,is_uncitral,median_beta,8.10491324954429
profile,is_uncitral,share_pos_sig,0.09821428571428571
timing,natcourt_exposed,median_beta,8.085720634164492
timing,natcourt_exposed,share_pos_sig,0.21428571428571427
timing,is_uncitral,median_beta,12.614967199525722
timing,is_uncitral,share_pos_sig,0.25892857142857145
profile,natcourt_exposed,median_beta,0.5113441126936566
profile,natcourt_exposed,share_pos_sig,0.0
profile,is_uncitral,median_beta,4.781776733416664
profile,is_uncitral,share_pos_sig,0.03571428571428571
timing,natcourt_exposed,median_beta,12.075008507340804
timing,natcourt_exposed,share_pos_sig,0.4107142857142857
timing,is_uncitral,median_beta,4.942770418050756
timing,is_uncitral,share_pos_sig,0.0
profile,natcourt_exposed,median_beta,5.72294012304323
profile,natcourt_exposed,share_pos_sig,0.0
profile,is_uncitral,median_beta,13.284526688769857
profile,is_uncitral,share_pos_sig,0.14285714285714285
timing,natcourt_exposed,median_beta,8.622029713413284
timing,natcourt_exposed,share_pos_sig,0.24107142857142858
timing,is_uncitral,median_beta,9.63364225039313
timing,is_uncitral,share_pos_sig,0.08035714285714286
profile,natcourt_exposed,median_beta,-3.4029071099737322
profile,natcourt_exposed,share_pos_sig,0.0
profile,is_uncitral,median_beta,3.213567734700576
profile,is_uncitral,share_pos_sig,0.03571428571428571
timing,natcourt_exposed,median_beta,10.715357767117029
timing,natcourt_exposed,share_pos_sig,0.25
timing,is_uncitral,median_beta,4.914019875511626
timing,is_uncitral,share_pos_sig,0.07142857142857142
profile,natcourt_exposed,median_beta,7.567123023955359
profile,natcourt_exposed,share_pos_sig,0.0
profile,is_uncitral,median_beta,9.976180697998263
profile,is_uncitral,share_pos_sig,0.03571428571428571
timing,natcourt_exposed,median_beta,9.658272659826325
timing,natcourt_exposed,share_pos_sig,0.23214285714285715
timing,is_uncitral,median_beta,7.349763793706854
timing,is_uncitral,share_pos_sig,0.16071428571428573
profile,natcourt_exposed,median_beta,-1.0547754994711522
profile,natcourt_exposed,share_pos_sig,0.0
profile,is_uncitral,median_beta,4.884910049109153
profile,is_uncitral,share_pos_sig,0.08928571428571429
timing,natcourt_exposed,median_beta,10.52077420955172
timing,natcourt_exposed,share_pos_sig,0.14285714285714285
timing,is_uncitral,median_beta,6.730047434629778
timing,is_uncitral,share_pos_sig,0.29464285714285715
profile,natcourt_exposed,median_beta,1.384287090782487
profile,natcourt_exposed,share_pos_sig,0.0
profile,is_uncitral,median_beta,5.378048527030389
profile,is_uncitral,share_pos_sig,0.0
timing,natcourt_exposed,median_beta,7.006724979383519
timing,natcourt_exposed,share_pos_sig,0.25892857142857145
timing,is_uncitral,median_beta,9.515321058654447
timing,is_uncitral,share_pos_sig,0.17857142857142858
profile,natcourt_exposed,median_beta,-4.034275538282687
profile,natcourt_exposed,share_pos_sig,0.0
profile,is_uncitral,median_beta,6.287234929917556
profile,is_uncitral,share_pos_sig,0.0
timing,natcourt_exposed,median_beta,8.7807324432174
timing,natcourt_exposed,share_pos_sig,0.35714285714285715
timing,is_uncitral,median_beta,4.866458550373814
timing,is_uncitral,share_pos_sig,0.08035714285714286
profile,natcourt_exposed,median_beta,4.371657769884526
profile,natcourt_exposed,share_pos_sig,0.08928571428571429
profile,is_uncitral,median_beta,14.101298543706328
profile,is_uncitral,share_pos_sig,0.39285714285714285
timing,natcourt_exposed,median_beta,10.181494853380336
timing,natcourt_exposed,share_pos_sig,0.25892857142857145
timing,is_uncitral,median_beta,8.16076241015113
timing,is_uncitral,share_pos_sig,0.125
profile,natcourt_exposed,median_beta,-1.4891199575561096
profile,natcourt_exposed,share_pos_sig,0.0
profile,is_uncitral,median_beta,19.057705196121304
profile,is_uncitral,share_pos_sig,0.4642857142857143
timing,natcourt_exposed,median_beta,10.216306483714598
timing,natcourt_exposed,share_pos_sig,0.29464285714285715
timing,is_uncitral,median_beta,12.600844439331437
timing,is_uncitral,share_pos_sig,0.3392857142857143
profile,natcourt_exposed,median_beta,0.9926730272614124
profile,natcourt_exposed,share_pos_sig,0.0
profile,is_uncitral,median_beta,10.667930657232246
profile,is_uncitral,share_pos_sig,0.08928571428571429
timing,natcourt_exposed,median_beta,8.4233896463941
timing,natcourt_exposed,share_pos_sig,0.2767857142857143
timing,is_uncitral,median_beta,9.853345580589954
timing,is_uncitral,share_pos_sig,0.14285714285714285
profile,natcourt_exposed,median_beta,-2.889476683912064
profile,natcourt_exposed,share_pos_sig,0.0
profile,is_uncitral,median_beta,5.071960346396856
profile,is_uncitral,share_pos_sig,0.0
timing,natcourt_exposed,median_beta,10.33196513908781
timing,natcourt_exposed,share_pos_sig,0.14285714285714285
timing,is_uncitral,median_beta,11.999102303737814
timing,is_uncitral,share_pos_sig,0.375
profile,natcourt_exposed,median_beta,6.210649067112316
profile,natcourt_exposed,share_pos_sig,0.05357142857142857
profile,is_uncitral,median_beta,6.178558781168506
profile,is_uncitral,share_pos_sig,0.09821428571428571
timing,natcourt_exposed,median_beta,14.739130572390549
timing,natcourt_exposed,share_pos_sig,0.4732142857142857
timing,is_uncitral,median_beta,15.05615987830313
timing,is_uncitral,share_pos_sig,0.5178571428571429
profile,natcourt_exposed,median_beta,5.6195202778902305
profile,natcourt_exposed,share_pos_sig,0.05357142857142857
profile,is_uncitral,median_beta,0.6849054795239686
profile,is_uncitral,share_pos_sig,0.0
timing,natcourt_exposed,median_beta,9.364094459726697
timing,natcourt_exposed,share_pos_sig,0.2857142857142857
timing,is_uncitral,median_beta,6.307377391751176
timing,is_uncitral,share_pos_sig,0.21428571428571427
profile,natcourt_exposed,median_beta,11.684365971409655
profile,natcourt_exposed,share_pos_sig,0.07142857142857142
profile,is_uncitral,median_beta,16.065062855247035
profile,is_uncitral,share_pos_sig,0.03571428571428571
timing,natcourt_exposed,median_beta,8.448446380472426
timing,natcourt_exposed,share_pos_sig,0.32142857142857145
timing,is_uncitral,median_beta,0.15344497030582138
timing,is_uncitral,share_pos_sig,0.03571428571428571
profile,natcourt_exposed,median_beta,6.10493314573308
profile,natcourt_exposed,share_pos_sig,0.0
profile,is_uncitral,median_beta,11.182973319421968
profile,is_uncitral,share_pos_sig,0.0
timing,natcourt_exposed,median_beta,8.602520916135472
timing,natcourt_exposed,share_pos_sig,0.125
timing,is_uncitral,median_beta,10.238515158829207
timing,is_uncitral,share_pos_sig,0.35714285714285715
profile,natcourt_exposed,median_beta,3.2441981195932117
profile,natcourt_exposed,share_pos_sig,0.017857142857142856
profile,is_uncitral,median_beta,8.706300356105675
profile,is_uncitral,share_pos_sig,0.03571428571428571
timing,natcourt_exposed,median_beta,17.160175167037217
timing,natcourt_exposed,share_pos_sig,0.49107142857142855
timing,is_uncitral,median_beta,6.517230821108325
timing,is_uncitral,share_pos_sig,0.25
profile,natcourt_exposed,median_beta,-0.5489018873941516
profile,natcourt_exposed,share_pos_sig,0.0
profile,is_uncitral,median_beta,8.875079540247302
profile,is_uncitral,share_pos_sig,0.03571428571428571
timing,natcourt_exposed,median_beta,4.264536919342648
timing,natcourt_exposed,share_pos_sig,0.017857142857142856
timing,is_uncitral,median_beta,7.564852385916904
timing,is_uncitral,share_pos_sig,0.026785714285714284
profile,natcourt_exposed,median_beta,2.097980277346083
profile,natcourt_exposed,share_pos_sig,0.0
profile,is_uncitral,median_beta,5.664748324911699
profile,is_uncitral,share_pos_sig,0.0
timing,natcourt_exposed,median_beta,12.837509095829635
timing,natcourt_exposed,share_pos_sig,0.24107142857142858
timing,is_uncitral,median_beta,6.026234037347098
timing,is_uncitral,share_pos_sig,0.0625
profile,natcourt_exposed,median_beta,-0.6256890129889835
profile,natcourt_exposed,share_pos_sig,0.0
profile,is_uncitral,median_beta,11.892829335023448
profile,is_uncitral,share_pos_sig,0.21428571428571427
timing,natcourt_exposed,median_beta,14.480861991049402
timing,natcourt_exposed,share_pos_sig,0.35714285714285715
timing,is_uncitral,median_beta,9.09031084551463
timing,is_uncitral,share_pos_sig,0.24107142857142858
profile,natcourt_exposed,median_beta,7.436492390476046
profile,natcourt_exposed,share_pos_sig,0.10714285714285714
profile,is_uncitral,median_beta,7.08453890401266
profile,is_uncitral,share_pos_sig,0.07142857142857142
timing,natcourt_exposed,median_beta,10.324151687821825
timing,natcourt_exposed,share_pos_sig,0.30357142857142855
timing,is_uncitral,median_beta,11.556976575058414
timing,is_uncitral,share_pos_sig,0.07142857142857142
profile,natcourt_exposed,median_beta,0.8676457317462614
profile,natcourt_exposed,share_pos_sig,0.14285714285714285
profile,is_uncitral,median_beta,14.219510617709549
profile,is_uncitral,share_pos_sig,0.33035714285714285
timing,natcourt_exposed,median_beta,14.432853704502524
timing,natcourt_exposed,share_pos_sig,0.48214285714285715
timing,is_uncitral,median_beta,4.38231934921307
timing,is_uncitral,share_pos_sig,0.15178571428571427
profile,natcourt_exposed,median_beta,-8.911990306384734
profile,natcourt_exposed,share_pos_sig,0.0
profile,is_uncitral,median_beta,-1.4203290843176335
profile,is_uncitral,share_pos_sig,0.0
timing,natcourt_exposed,median_beta,11.079644321162634
timing,natcourt_exposed,share_pos_sig,0.14285714285714285
timing,is_uncitral,median_beta,4.954498827592488
timing,is_uncitral,share_pos_sig,0.0625
profile,natcourt_exposed,median_beta,13.920852769469047
profile,natcourt_exposed,share_pos_sig,0.35714285714285715
profile,is_uncitral,median_beta,15.355407187957457
profile,is_uncitral,share_pos_sig,0.07142857142857142
timing,natcourt_exposed,median_beta,7.180287925860551
timing,natcourt_exposed,share_pos_sig,0.125
timing,is_uncitral,median_beta,3.1916549607541302
timing,is_uncitral,share_pos_sig,0.17857142857142858
profile,natcourt_exposed,median_beta,-1.8384686059016166
profile,natcourt_exposed,share_pos_sig,0.0
profile,is_uncitral,median_beta,-1.0040474707666698
profile,is_uncitral,share_pos_sig,0.0
timing,natcourt_exposed,median_beta,9.963408007952946
timing,natcourt_exposed,share_pos_sig,0.21428571428571427
timing,is_uncitral,median_beta,4.3901801993053935
timing,is_uncitral,share_pos_sig,0.125
profile,natcourt_exposed,median_beta,-2.506657735889833
profile,natcourt_exposed,share_pos_sig,0.0
profile,is_uncitral,median_beta,-0.7197916580161854
profile,is_uncitral,share_pos_sig,0.0
timing,natcourt_exposed,median_beta,6.544759050499968
timing,natcourt_exposed,share_pos_sig,0.16964285714285715
timing,is_uncitral,median_beta,7.754952577402684
timing,is_uncitral,share_pos_sig,0.24107142857142858
profile,natcourt_exposed,median_beta,6.818382290680234
profile,natcourt_exposed,share_pos_sig,0.05357142857142857
profile,is_uncitral,median_beta,7.471433658008145
profile,is_uncitral,share_pos_sig,0.08035714285714286
timing,natcourt_exposed,median_beta,9.764397382489426
timing,natcourt_exposed,share_pos_sig,0.29464285714285715
timing,is_uncitral,median_beta,3.8701212706934074
timing,is_uncitral,share_pos_sig,0.14285714285714285
profile,natcourt_exposed,median_beta,5.280256418126409
profile,natcourt_exposed,share_pos_sig,0.05357142857142857
profile,is_uncitral,median_beta,3.174042150853883
profile,is_uncitral,share_pos_sig,0.0
timing,natcourt_exposed,median_beta,9.246437346808332
timing,natcourt_exposed,share_pos_sig,0.125
timing,is_uncitral,median_beta,12.516035718665716
timing,is_uncitral,share_pos_sig,0.2767857142857143
profile,natcourt_exposed,median_beta,-5.3867832980740555
profile,natcourt_exposed,share_pos_sig,0.0
profile,is_uncitral,median_beta,6.187725351782744
profile,is_uncitral,share_pos_sig,0.08035714285714286
timing,natcourt_exposed,median_beta,8.782252833363152
timing,natcourt_exposed,share_pos_sig,0.20535714285714285
timing,is_uncitral,median_beta,8.457740635377599
timing,is_uncitral,share_pos_sig,0.17857142857142858
profile,natcourt_exposed,median_beta,3.670570757182419
profile,natcourt_exposed,share_pos_sig,0.0
profile,is_uncitral,median_beta,9.069284256931208
profile,is_uncitral,share_pos_sig,0.3482142857142857
timing,natcourt_exposed,median_beta,3.4155143265912327
timing,natcourt_exposed,share_pos_sig,0.26785714285714285
timing,is_uncitral,median_beta,3.314730249528585
timing,is_uncitral,share_pos_sig,0.03571428571428571
profile,natcourt_exposed,median_beta,9.08186853959527
profile,natcourt_exposed,share_pos_sig,0.16071428571428573
profile,is_uncitral,median_beta,14.798395555231405
profile,is_uncitral,share_pos_sig,0.8928571428571429
timing,natcourt_exposed,median_beta,4.5615149596937155
timing,natcourt_exposed,share_pos_sig,0.19642857142857142
timing,is_uncitral,median_beta,5.644715326740538
timing,is_uncitral,share_pos_sig,0.017857142857142856
profile,natcourt_exposed,median_beta,2.900980326805833
profile,natcourt_exposed,share_pos_sig,0.0
profile,is_uncitral,median_beta,3.242095328450791
profile,is_uncitral,share_pos_sig,0.044642857142857144
timing,natcourt_exposed,median_beta,4.0658110457466625
timing,natcourt_exposed,share_pos_sig,0.08928571428571429
timing,is_uncitral,median_beta,8.634023156028771
timing,is_uncitral,share_pos_sig,0.16071428571428573
profile,natcourt_exposed,median_beta,-2.967807734685821
profile,natcourt_exposed,share_pos_sig,0.0
profile,is_uncitral,median_beta,7.790691438476259
profile,is_uncitral,share_pos_sig,0.05357142857142857
timing,natcourt_exposed,median_beta,10.761788178807262
timing,natcourt_exposed,share_pos_sig,0.1875
timing,is_uncitral,median_beta,6.8295334753184544
timing,is_uncitral,share_pos_sig,0.07142857142857142
profile,natcourt_exposed,median_beta,18.838954791752066
profile,natcourt_exposed,share_pos_sig,0.625
profile,is_uncitral,median_beta,12.933826035170126
profile,is_uncitral,share_pos_sig,0.42857142857142855
timing,natcourt_exposed,median_beta,12.199992087837444
timing,natcourt_exposed,share_pos_sig,0.4732142857142857
timing,is_uncitral,median_beta,4.5618504228164225
timing,is_uncitral,share_pos_sig,0.17857142857142858
profile,natcourt_exposed,median_beta,-14.500193314946078
profile,natcourt_exposed,share_pos_sig,0.0
profile,is_uncitral,median_beta,-4.140243406590273
profile,is_uncitral,share_pos_sig,0.0
timing,natcourt_exposed,median_beta,7.846082737127684
timing,natcourt_exposed,share_pos_sig,0.21428571428571427
timing,is_uncitral,median_beta,7.8880236806286685
timing,is_uncitral,share_pos_sig,0.03571428571428571
profile,natcourt_exposed,median_beta,-5.5149326889388846
profile,natcourt_exposed,share_pos_sig,0.0
profile,is_uncitral,median_beta,6.8680911985366855
profile,is_uncitral,share_pos_sig,0.05357142857142857
timing,natcourt_exposed,median_beta,9.64790927694458
timing,natcourt_exposed,share_pos_sig,0.25
timing,is_uncitral,median_beta,6.976506529933251
timing,is_uncitral,share_pos_sig,0.23214285714285715
profile,natcourt_exposed,median_beta,-11.339923370676107
profile,natcourt_exposed,share_pos_sig,0.017857142857142856
profile,is_uncitral,median_beta,6.741976523927059
profile,is_uncitral,share_pos_sig,0.11607142857142858
timing,natcourt_exposed,median_beta,10.00783508440107
timing,natcourt_exposed,share_pos_sig,0.29464285714285715
timing,is_uncitral,median_beta,8.599598994983232
timing,is_uncitral,share_pos_sig,0.08035714285714286
profile,natcourt_exposed,median_beta,2.297116945238024
profile,natcourt_exposed,share_pos_sig,0.0
profile,is_uncitral,median_beta,-2.099922965131334
profile,is_uncitral,share_pos_sig,0.0
timing,natcourt_exposed,median_beta,8.64472899580956
timing,natcourt_exposed,share_pos_sig,0.1875
timing,is_uncitral,median_beta,4.084175138091059
timing,is_uncitral,share_pos_sig,0.08035714285714286
profile,natcourt_exposed,median_beta,1.94057289667478
profile,natcourt_exposed,share_pos_sig,0.0
profile,is_uncitral,median_beta,5.404181085571249
profile,is_uncitral,share_pos_sig,0.0
timing,natcourt_exposed,median_beta,1.0243819070638476
timing,natcourt_exposed,share_pos_sig,0.17857142857142858
timing,is_uncitral,median_beta,7.44035796212918
timing,is_uncitral,share_pos_sig,0.20535714285714285
profile,natcourt_exposed,median_beta,0.15623427267142484
profile,natcourt_exposed,share_pos_sig,0.0
profile,is_uncitral,median_beta,2.1568417455016946
profile,is_uncitral,share_pos_sig,0.0
timing,natcourt_exposed,median_beta,11.624056848963331
timing,natcourt_exposed,share_pos_sig,0.38392857142857145
timing,is_uncitral,median_beta,7.4209281149777775
timing,is_uncitral,share_pos_sig,0.2857142857142857
profile,natcourt_exposed,median_beta,-2.1648416993398465
profile,natcourt_exposed,share_pos_sig,0.0
profile,is_uncitral,median_beta,1.0452199621385077
profile,is_uncitral,share_pos_sig,0.0
timing,natcourt_exposed,median_beta,10.296670935368864
timing,natcourt_exposed,share_pos_sig,0.3482142857142857
timing,is_uncitral,median_beta,13.034571453531793
timing,is_uncitral,share_pos_sig,0.26785714285714285
profile,natcourt_exposed,median_beta,-1.3957815192232685
profile,natcourt_exposed,share_pos_sig,0.0
profile,is_uncitral,median_beta,6.121489444576639
profile,is_uncitral,share_pos_sig,0.0
timing,natcourt_exposed,median_beta,7.9383671694496805
timing,natcourt_exposed,share_pos_sig,0.2857142857142857
timing,is_uncitral,median_beta,6.816514078101985
timing,is_uncitral,share_pos_sig,0.08035714285714286
profile,natcourt_exposed,median_beta,-6.6313741531616515
profile,natcourt_exposed,share_pos_sig,0.0
profile,is_uncitral,median_beta,-0.5560057931096489
profile,is_uncitral,share_pos_sig,0.0
timing,natcourt_exposed,median_beta,8.874699512771063
timing,natcourt_exposed,share_pos_sig,0.125
timing,is_uncitral,median_beta,6.789663096426531
timing,is_uncitral,share_pos_sig,0.39285714285714285
profile,natcourt_exposed,median_beta,-5.89030648425352
profile,natcourt_exposed,share_pos_sig,0.0
profile,is_uncitral,median_beta,-2.521088451524509
profile,is_uncitral,share_pos_sig,0.0
timing,natcourt_exposed,median_beta,10.342005752747198
timing,natcourt_exposed,share_pos_sig,0.21428571428571427
timing,is_uncitral,median_beta,10.496965162565658
timing,is_uncitral,share_pos_sig,0.2857142857142857
profile,natcourt_exposed,median_beta,7.589487772552285
profile,natcourt_exposed,share_pos_sig,0.19642857142857142
profile,is_uncitral,median_beta,10.168429582682805
profile,is_uncitral,share_pos_sig,0.30357142857142855
timing,natcourt_exposed,median_beta,6.18952231651083
timing,natcourt_exposed,share_pos_sig,0.17857142857142858
timing,is_uncitral,median_beta,0.11607660570503114
timing,is_uncitral,share_pos_sig,0.15178571428571427
profile,natcourt_exposed,median_beta,8.709019459125141
profile,natcourt_exposed,share_pos_sig,0.09821428571428571
profile,is_uncitral,median_beta,4.667766886434933
profile,is_uncitral,share_pos_sig,0.08035714285714286
timing,natcourt_exposed,median_beta,9.575676563628154
timing,natcourt_exposed,share_pos_sig,0.2857142857142857
timing,is_uncitral,median_beta,9.76588952539544
timing,is_uncitral,share_pos_sig,0.21428571428571427
profile,natcourt_exposed,median_beta,5.024225531579474
profile,natcourt_exposed,share_pos_sig,0.0
profile,is_uncitral,median_beta,8.483408657216579
profile,is_uncitral,share_pos_sig,0.14285714285714285
timing,natcourt_exposed,median_beta,12.924262408227836
timing,natcourt_exposed,share_pos_sig,0.35714285714285715
timing,is_uncitral,median_beta,8.769971840162935
timing,is_uncitral,share_pos_sig,0.19642857142857142
profile,natcourt_exposed,median_beta,12.19208636823853
profile,natcourt_exposed,share_pos_sig,0.32142857142857145
profile,is_uncitral,median_beta,22.470180833484214
profile,is_uncitral,share_pos_sig,0.7410714285714286
timing,natcourt_exposed,median_beta,10.487049969239058
timing,natcourt_exposed,share_pos_sig,0.20535714285714285
timing,is_uncitral,median_beta,9.531528007874975
timing,is_uncitral,share_pos_sig,0.2857142857142857
profile,natcourt_exposed,median_beta,3.4504889577390747
profile,natcourt_exposed,share_pos_sig,0.017857142857142856
profile,is_uncitral,median_beta,0.9800575211437673
profile,is_uncitral,share_pos_sig,0.0
timing,natcourt_exposed,median_beta,9.480744679451583
timing,natcourt_exposed,share_pos_sig,0.16964285714285715
timing,is_uncitral,median_beta,4.538999311697814
timing,is_uncitral,share_pos_sig,0.0625
profile,natcourt_exposed,median_beta,0.0734609555151527
profile,natcourt_exposed,share_pos_sig,0.0
profile,is_uncitral,median_beta,0.7446353803342087
profile,is_uncitral,share_pos_sig,0.0
timing,natcourt_exposed,median_beta,14.548402283560385
timing,natcourt_exposed,share_pos_sig,0.42857142857142855
timing,is_uncitral,median_beta,3.782063018387095
timing,is_uncitral,share_pos_sig,0.15178571428571427
profile,natcourt_exposed,median_beta,5.298513050963658
profile,natcourt_exposed,share_pos_sig,0.10714285714285714
profile,is_uncitral,median_beta,4.4624391311614815
profile,is_uncitral,share_pos_sig,0.0
timing,natcourt_exposed,median_beta,14.690706845738177
timing,natcourt_exposed,share_pos_sig,0.375
timing,is_uncitral,median_beta,7.029821328854288
timing,is_uncitral,share_pos_sig,0.25
profile,natcourt_exposed,median_beta,-12.695507220510489
profile,natcourt_exposed,share_pos_sig,0.0
profile,is_uncitral,median_beta,-0.8662444402121654
profile,is_uncitral,share_pos_sig,0.0
timing,natcourt_exposed,median_beta,8.124475985599219
timing,natcourt_exposed,share_pos_sig,0.20535714285714285
timing,is_uncitral,median_beta,9.082753254722707
timing,is_uncitral,share_pos_sig,0.14285714285714285
profile,natcourt_exposed,median_beta,9.409657022121895
profile,natcourt_exposed,share_pos_sig,0.017857142857142856
profile,is_uncitral,median_beta,12.671273827167187
profile,is_uncitral,share_pos_sig,0.17857142857142858
timing,natcourt_exposed,median_beta,11.395302851377924
timing,natcourt_exposed,share_pos_sig,0.3392857142857143
timing,is_uncitral,median_beta,7.962356795507611
timing,is_uncitral,share_pos_sig,0.1875
profile,natcourt_exposed,median_beta,-1.7939303376002176
profile,natcourt_exposed,share_pos_sig,0.017857142857142856
profile,is_uncitral,median_beta,4.884851274704721
profile,is_uncitral,share_pos_sig,0.017857142857142856
timing,natcourt_exposed,median_beta,10.38376946709137
timing,natcourt_exposed,share_pos_sig,0.3392857142857143
timing,is_uncitral,median_beta,5.79603820768771
timing,is_uncitral,share_pos_sig,0.017857142857142856
profile,natcourt_exposed,median_beta,3.610814475888896
profile,natcourt_exposed,share_pos_sig,0.008928571428571428
profile,is_uncitral,median_beta,1.1785142268229356
profile,is_uncitral,share_pos_sig,0.0625
timing,natcourt_exposed,median_beta,5.3647923038647205
timing,natcourt_exposed,share_pos_sig,0.2857142857142857
timing,is_uncitral,median_beta,8.073066482842169
timing,is_uncitral,share_pos_sig,0.2767857142857143
profile,natcourt_exposed,median_beta,4.394938547405189
profile,natcourt_exposed,share_pos_sig,0.0
profile,is_uncitral,median_beta,1.4204004368304939
profile,is_uncitral,share_pos_sig,0.0
timing,natcourt_exposed,median_beta,12.243400070608718
timing,natcourt_exposed,share_pos_sig,0.4642857142857143
timing,is_uncitral,median_beta,1.7824327685429715
timing,is_uncitral,share_pos_sig,0.0
profile,natcourt_exposed,median_beta,1.7403624314144537
profile,natcourt_exposed,share_pos_sig,0.07142857142857142
profile,is_uncitral,median_beta,11.667265690978535
profile,is_uncitral,share_pos_sig,0.2857142857142857
timing,natcourt_exposed,median_beta,10.679351238195789
timing,natcourt_exposed,share_pos_sig,0.36607142857142855
timing,is_uncitral,median_beta,7.10095703092386
timing,is_uncitral,share_pos_sig,0.03571428571428571
profile,natcourt_exposed,median_beta,5.39865507926787
profile,natcourt_exposed,share_pos_sig,0.10714285714285714
profile,is_uncitral,median_beta,4.973421277055923
profile,is_uncitral,share_pos_sig,0.0625
timing,natcourt_exposed,median_beta,6.479304146367031
timing,natcourt_exposed,share_pos_sig,0.16964285714285715
timing,is_uncitral,median_beta,6.217314703918225
timing,is_uncitral,share_pos_sig,0.10714285714285714
profile,natcourt_exposed,median_beta,-1.2052517305674237
profile,natcourt_exposed,share_pos_sig,0.0
profile,is_uncitral,median_beta,5.304820574300345
profile,is_uncitral,share_pos_sig,0.0
timing,natcourt_exposed,median_beta,10.878699178013056
timing,natcourt_exposed,share_pos_sig,0.4017857142857143
timing,is_uncitral,median_beta,10.999832790765911
timing,is_uncitral,share_pos_sig,0.26785714285714285
profile,natcourt_exposed,median_beta,-11.337726472847487
profile,natcourt_exposed,share_pos_sig,0.0
profile,is_uncitral,median_beta,-7.723208010216169
profile,is_uncitral,share_pos_sig,0.0
timing,natcourt_exposed,median_beta,3.405345535624689
timing,natcourt_exposed,share_pos_sig,0.05357142857142857
timing,is_uncitral,median_beta,2.1339873432877408
timing,is_uncitral,share_pos_sig,0.0
profile,natcourt_exposed,median_beta,-1.313593444873571
profile,natcourt_exposed,share_pos_sig,0.017857142857142856
profile,is_uncitral,median_beta,2.3395915614222114
profile,is_uncitral,share_pos_sig,0.10714285714285714
timing,natcourt_exposed,median_beta,10.823770143950364
timing,natcourt_exposed,share_pos_sig,0.19642857142857142
timing,is_uncitral,median_beta,3.161501595035305
timing,is_uncitral,share_pos_sig,0.10714285714285714
profile,natcourt_exposed,median_beta,-5.313161473312282
profile,natcourt_exposed,share_pos_sig,0.0
profile,is_uncitral,median_beta,-9.228429325195583
profile,is_uncitral,share_pos_sig,0.0
timing,natcourt_exposed,median_beta,10.264882734250728
timing,natcourt_exposed,share_pos_sig,0.2857142857142857
timing,is_uncitral,median_beta,5.753911953009452
timing,is_uncitral,share_pos_sig,0.03571428571428571
profile,natcourt_exposed,median_beta,4.330293596892631
profile,natcourt_exposed,share_pos_sig,0.10714285714285714
profile,is_uncitral,median_beta,6.279007726120277
profile,is_uncitral,share_pos_sig,0.16071428571428573
timing,natcourt_exposed,median_beta,9.83342187343444
timing,natcourt_exposed,share_pos_sig,0.20535714285714285
timing,is_uncitral,median_beta,5.233674215831405
timing,is_uncitral,share_pos_sig,0.19642857142857142
profile,natcourt_exposed,median_beta,-0.7834119773017865
profile,natcourt_exposed,share_pos_sig,0.0
profile,is_uncitral,median_beta,7.524021943427805
profile,is_uncitral,share_pos_sig,0.017857142857142856
timing,natcourt_exposed,median_beta,7.58362904956643
timing,natcourt_exposed,share_pos_sig,0.2857142857142857
timing,is_uncitral,median_beta,7.71621858970138
timing,is_uncitral,share_pos_sig,0.11607142857142858
profile,natcourt_exposed,median_beta,-0.3117407281567083
profile,natcourt_exposed,share_pos_sig,0.017857142857142856
profile,is_uncitral,median_beta,2.7970726468750198
profile,is_uncitral,share_pos_sig,0.017857142857142856
timing,natcourt_exposed,median_beta,6.568829498798127
timing,natcourt_exposed,share_pos_sig,0.21428571428571427
timing,is_uncitral,median_beta,0.4908762356681847
timing,is_uncitral,share_pos_sig,0.16071428571428573
profile,natcourt_exposed,median_beta,-0.2830187044997257
profile,natcourt_exposed,share_pos_sig,0.14285714285714285
profile,is_uncitral,median_beta,8.794888051555093
profile,is_uncitral,share_pos_sig,0.14285714285714285
timing,natcourt_exposed,median_beta,6.078919015001441
timing,natcourt_exposed,share_pos_sig,0.17857142857142858
timing,is_uncitral,median_beta,11.222815800510958
timing,is_uncitral,share_pos_sig,0.3125
profile,natcourt_exposed,median_beta,9.956872062131906
profile,natcourt_exposed,share_pos_sig,0.05357142857142857
profile,is_uncitral,median_beta,4.956941459015423
profile,is_uncitral,share_pos_sig,0.03571428571428571
timing,natcourt_exposed,median_beta,1.693616699432154
timing,natcourt_exposed,share_pos_sig,0.10714285714285714
timing,is_uncitral,median_beta,6.722285326419367
timing,is_uncitral,share_pos_sig,0.08928571428571429
profile,natcourt_exposed,median_beta,-1.646274245891021
profile,natcourt_exposed,share_pos_sig,0.017857142857142856
profile,is_uncitral,median_beta,6.894660604560685
profile,is_uncitral,share_pos_sig,0.0
timing,natcourt_exposed,median_beta,12.31141108603478
timing,natcourt_exposed,share_pos_sig,0.2857142857142857
timing,is_uncitral,median_beta,13.49686496530483
timing,is_uncitral,share_pos_sig,0.35714285714285715
profile,natcourt_exposed,median_beta,-2.281353153345208
profile,natcourt_exposed,share_pos_sig,0.0
profile,is_uncitral,median_beta,3.7147117500109323
profile,is_uncitral,share_pos_sig,0.10714285714285714
timing,natcourt_exposed,median_beta,11.440561039017684
timing,natcourt_exposed,share_pos_sig,0.375
timing,is_uncitral,median_beta,9.036383234735334
timing,is_uncitral,share_pos_sig,0.19642857142857142
profile,natcourt_exposed,median_beta,1.9645599877215303
profile,natcourt_exposed,share_pos_sig,0.0
profile,is_uncitral,median_beta,18.190713549343954
profile,is_uncitral,share_pos_sig,0.2767857142857143
timing,natcourt_exposed,median_beta,14.480385315476994
timing,natcourt_exposed,share_pos_sig,0.5178571428571429
timing,is_uncitral,median_beta,3.6909239789260893
timing,is_uncitral,share_pos_sig,0.10714285714285714
profile,natcourt_exposed,median_beta,3.559295144377093
profile,natcourt_exposed,share_pos_sig,0.03571428571428571
profile,is_uncitral,median_beta,7.633306448881568
profile,is_uncitral,share_pos_sig,0.26785714285714285
timing,natcourt_exposed,median_beta,6.09305234089206
timing,natcourt_exposed,share_pos_sig,0.08035714285714286
timing,is_uncitral,median_beta,9.29893522399163
timing,is_uncitral,share_pos_sig,0.16964285714285715
profile,natcourt_exposed,median_beta,-1.9330672586648179
profile,natcourt_exposed,share_pos_sig,0.0
profile,is_uncitral,median_beta,13.011423058067141
profile,is_uncitral,share_pos_sig,0.26785714285714285
timing,natcourt_exposed,median_beta,13.851309171249245
timing,natcourt_exposed,share_pos_sig,0.44642857142857145
timing,is_uncitral,median_beta,9.441317452192532
timing,is_uncitral,share_pos_sig,0.2767857142857143
profile,natcourt_exposed,median_beta,2.4143682510847437
profile,natcourt_exposed,share_pos_sig,0.0
profile,is_uncitral,median_beta,4.395152837911731
profile,is_uncitral,share_pos_sig,0.0
timing,natcourt_exposed,median_beta,11.490884011081839
timing,natcourt_exposed,share_pos_sig,0.38392857142857145
timing,is_uncitral,median_beta,7.248986415538367
timing,is_uncitral,share_pos_sig,0.16071428571428573
profile,natcourt_exposed,median_beta,-16.16438905585416
profile,natcourt_exposed,share_pos_sig,0.0
profile,is_uncitral,median_beta,-3.503072834934911
profile,is_uncitral,share_pos_sig,0.0
timing,natcourt_exposed,median_beta,10.739261586262682
timing,natcourt_exposed,share_pos_sig,0.26785714285714285
timing,is_uncitral,median_beta,8.521688221258138
timing,is_uncitral,share_pos_sig,0.16964285714285715
profile,natcourt_exposed,median_beta,-1.8077104438043465
profile,natcourt_exposed,share_pos_sig,0.0
profile,is_uncitral,median_beta,1.4894957505622153
profile,is_uncitral,share_pos_sig,0.2857142857142857
timing,natcourt_exposed,median_beta,18.808544789222857
timing,natcourt_exposed,share_pos_sig,0.5
timing,is_uncitral,median_beta,8.55452541543574
timing,is_uncitral,share_pos_sig,0.21428571428571427
profile,natcourt_exposed,median_beta,-5.10969064108476
profile,natcourt_exposed,share_pos_sig,0.0
profile,is_uncitral,median_beta,-1.900206538408038
profile,is_uncitral,share_pos_sig,0.0
timing,natcourt_exposed,median_beta,10.450093910654259
timing,natcourt_exposed,share_pos_sig,0.17857142857142858
timing,is_uncitral,median_beta,9.117422566793097
timing,is_uncitral,share_pos_sig,0.17857142857142858
profile,natcourt_exposed,median_beta,-0.826059516855953
profile,natcourt_exposed,share_pos_sig,0.0
profile,is_uncitral,median_beta,-1.7356713566155824
profile,is_uncitral,share_pos_sig,0.0
timing,natcourt_exposed,median_beta,14.209888841576412
timing,natcourt_exposed,share_pos_sig,0.48214285714285715
timing,is_uncitral,median_beta,8.287207730791007
timing,is_uncitral,share_pos_sig,0.125
profile,natcourt_exposed,median_beta,6.10995873286903
profile,natcourt_exposed,share_pos_sig,0.19642857142857142
profile,is_uncitral,median_beta,4.43937629476404
profile,is_uncitral,share_pos_sig,0.0
timing,natcourt_exposed,median_beta,6.363131137485068
timing,natcourt_exposed,share_pos_sig,0.16071428571428573
timing,is_uncitral,median_beta,4.3359942013011015
timing,is_uncitral,share_pos_sig,0.05357142857142857
profile,natcourt_exposed,median_beta,-2.5709757343765727
profile,natcourt_exposed,share_pos_sig,0.0
profile,is_uncitral,median_beta,3.010869031405046
profile,is_uncitral,share_pos_sig,0.0
timing,natcourt_exposed,median_beta,8.561575740711339
timing,natcourt_exposed,share_pos_sig,0.17857142857142858
timing,is_uncitral,median_beta,9.634125998370196
timing,is_uncitral,share_pos_sig,0.08928571428571429
profile,natcourt_exposed,median_beta,5.452859791730093
profile,natcourt_exposed,share_pos_sig,0.03571428571428571
profile,is_uncitral,median_beta,9.872976742278636
profile,is_uncitral,share_pos_sig,0.14285714285714285
timing,natcourt_exposed,median_beta,9.461999855082539
timing,natcourt_exposed,share_pos_sig,0.19642857142857142
timing,is_uncitral,median_beta,6.87406343663663
timing,is_uncitral,share_pos_sig,0.29464285714285715
profile,natcourt_exposed,median_beta,0.9311139863311495
profile,natcourt_exposed,share_pos_sig,0.0
profile,is_uncitral,median_beta,8.775503395042305
profile,is_uncitral,share_pos_sig,0.0
timing,natcourt_exposed,median_beta,11.84740337392293
timing,natcourt_exposed,share_pos_sig,0.26785714285714285
timing,is_uncitral,median_beta,7.7475181041219034
timing,is_uncitral,share_pos_sig,0.08928571428571429
profile,natcourt_exposed,median_beta,-4.583242035590883
profile,natcourt_exposed,share_pos_sig,0.0
profile,is_uncitral,median_beta,12.103324144059075
profile,is_uncitral,share_pos_sig,0.16964285714285715
timing,natcourt_exposed,median_beta,6.934666341748362
timing,natcourt_exposed,share_pos_sig,0.11607142857142858
timing,is_uncitral,median_beta,3.58248516345993
timing,is_uncitral,share_pos_sig,0.03571428571428571
profile,natcourt_exposed,median_beta,2.814943394587514
profile,natcourt_exposed,share_pos_sig,0.07142857142857142
profile,is_uncitral,median_beta,-1.8739014697613061
profile,is_uncitral,share_pos_sig,0.0
timing,natcourt_exposed,median_beta,14.301081934567701
timing,natcourt_exposed,share_pos_sig,0.35714285714285715
timing,is_uncitral,median_beta,3.9792887274467983
timing,is_uncitral,share_pos_sig,0.13392857142857142
profile,natcourt_exposed,median_beta,-0.7277195383507662
profile,natcourt_exposed,share_pos_sig,0.0
profile,is_uncitral,median_beta,9.041641452654604
profile,is_uncitral,share_pos_sig,0.32142857142857145
timing,natcourt_exposed,median_beta,9.548050454114675
timing,natcourt_exposed,share_pos_sig,0.32142857142857145
timing,is_uncitral,median_beta,5.977241804496283
timing,is_uncitral,share_pos_sig,0.026785714285714284
profile,natcourt_exposed,median_beta,-4.542828680321705
profile,natcourt_exposed,share_pos_sig,0.0
profile,is_uncitral,median_beta,-0.8226599458147241
profile,is_uncitral,share_pos_sig,0.0
timing,natcourt_exposed,median_beta,9.663648814779776
timing,natcourt_exposed,share_pos_sig,0.10714285714285714
timing,is_uncitral,median_beta,4.456303749758364
timing,is_uncitral,share_pos_sig,0.044642857142857144
profile,natcourt_exposed,median_beta,2.244423338655947
profile,natcourt_exposed,share_pos_sig,0.03571428571428571
profile,is_uncitral,median_beta,14.694399653750454
profile,is_uncitral,share_pos_sig,0.5178571428571429
timing,natcourt_exposed,median_beta,10.985409218444286
timing,natcourt_exposed,share_pos_sig,0.3392857142857143
timing,is_uncitral,median_beta,7.472859933016217
timing,is_uncitral,share_pos_sig,0.23214285714285715
profile,natcourt_exposed,median_beta,5.311411847288665
profile,natcourt_exposed,share_pos_sig,0.10714285714285714
profile,is_uncitral,median_beta,5.6457114918549
profile,is_uncitral,share_pos_sig,0.0
timing,natcourt_exposed,median_beta,8.890754244926825
timing,natcourt_exposed,share_pos_sig,0.17857142857142858
timing,is_uncitral,median_beta,7.979122233494163
timing,is_uncitral,share_pos_sig,0.16071428571428573
profile,natcourt_exposed,median_beta,-2.5457274416640265
profile,natcourt_exposed,share_pos_sig,0.0
profile,is_uncitral,median_beta,9.823138907032464
profile,is_uncitral,share_pos_sig,0.125
timing,natcourt_exposed,median_beta,10.870982887633668
timing,natcourt_exposed,share_pos_sig,0.33035714285714285
timing,is_uncitral,median_beta,4.3552690796288225
timing,is_uncitral,share_pos_sig,0.25
profile,natcourt_exposed,median_beta,-8.625752549683998
profile,natcourt_exposed,share_pos_sig,0.0
profile,is_uncitral,median_beta,1.0811247561125021
profile,is_uncitral,share_pos_sig,0.017857142857142856
timing,natcourt_exposed,median_beta,6.502949299223101
timing,natcourt_exposed,share_pos_sig,0.2857142857142857
timing,is_uncitral,median_beta,7.791614566830651
timing,is_uncitral,share_pos_sig,0.0625
profile,natcourt_exposed,median_beta,11.846129005752472
profile,natcourt_exposed,share_pos_sig,0.125
profile,is_uncitral,median_beta,16.359277177263237
profile,is_uncitral,share_pos_sig,0.16071428571428573
timing,natcourt_exposed,median_beta,14.753819064637792
timing,natcourt_exposed,share_pos_sig,0.5
timing,is_uncitral,median_beta,9.95112820004127
timing,is_uncitral,share_pos_sig,0.16071428571428573
profile,natcourt_exposed,median_beta,-4.944528384703453
profile,natcourt_exposed,share_pos_sig,0.0
profile,is_uncitral,median_beta,1.2108898802647137
profile,is_uncitral,share_pos_sig,0.017857142857142856
timing,natcourt_exposed,median_beta,10.173331337960496
timing,natcourt_exposed,share_pos_sig,0.36607142857142855
timing,is_uncitral,median_beta,7.41926258969413
timing,is_uncitral,share_pos_sig,0.20535714285714285
profile,natcourt_exposed,median_beta,-3.2674730958979312
profile,natcourt_exposed,share_pos_sig,0.0
profile,is_uncitral,median_beta,7.374693190269063
profile,is_uncitral,share_pos_sig,0.23214285714285715
timing,natcourt_exposed,median_beta,15.371607284259849
timing,natcourt_exposed,share_pos_sig,0.5267857142857143
timing,is_uncitral,median_beta,6.815051536812055
timing,is_uncitral,share_pos_sig,0.19642857142857142
profile,natcourt_exposed,median_beta,-7.8932042497589165
profile,natcourt_exposed,share_pos_sig,0.017857142857142856
profile,is_uncitral,median_beta,-4.444843553618751
profile,is_uncitral,share_pos_sig,0.026785714285714284
timing,natcourt_exposed,median_beta,11.210727448262936
timing,natcourt_exposed,share_pos_sig,0.16071428571428573
timing,is_uncitral,median_beta,5.868928843250421
timing,is_uncitral,share_pos_sig,0.17857142857142858
profile,natcourt_exposed,median_beta,-6.254033830155629
profile,natcourt_exposed,share_pos_sig,0.0
profile,is_uncitral,median_beta,4.622731328901111
profile,is_uncitral,share_pos_sig,0.05357142857142857
timing,natcourt_exposed,median_beta,10.859029218125812
timing,natcourt_exposed,share_pos_sig,0.32142857142857145
timing,is_uncitral,median_beta,4.977594145072466
timing,is_uncitral,share_pos_sig,0.17857142857142858
profile,natcourt_exposed,median_beta,2.6971533425841265
profile,natcourt_exposed,share_pos_sig,0.14285714285714285
profile,is_uncitral,median_beta,8.228925061833385
profile,is_uncitral,share_pos_sig,0.20535714285714285
timing,natcourt_exposed,median_beta,11.497588117732196
timing,natcourt_exposed,share_pos_sig,0.42857142857142855
timing,is_uncitral,median_beta,6.057585665819872
timing,is_uncitral,share_pos_sig,0.1875
profile,natcourt_exposed,median_beta,7.806136355915873
profile,natcourt_exposed,share_pos_sig,0.08035714285714286
profile,is_uncitral,median_beta,0.03497597165081018
profile,is_uncitral,share_pos_sig,0.0
timing,natcourt_exposed,median_beta,10.424551104574928
timing,natcourt_exposed,share_pos_sig,0.3482142857142857
timing,is_uncitral,median_beta,9.517398315591961
timing,is_uncitral,share_pos_sig,0.3392857142857143
profile,natcourt_exposed,median_beta,-3.3393939173428637
profile,natcourt_exposed,share_pos_sig,0.0
profile,is_uncitral,median_beta,5.649162252989917
profile,is_uncitral,share_pos_sig,0.03571428571428571
timing,natcourt_exposed,median_beta,11.35576690633657
timing,natcourt_exposed,share_pos_sig,0.23214285714285715
timing,is_uncitral,median_beta,6.579486110050541
timing,is_uncitral,share_pos_sig,0.17857142857142858
profile,natcourt_exposed,median_beta,-2.8576197828010956
profile,natcourt_exposed,share_pos_sig,0.0
profile,is_uncitral,median_beta,2.7798242047583264
profile,is_uncitral,share_pos_sig,0.0
timing,natcourt_exposed,median_beta,9.425013933910346
timing,natcourt_exposed,share_pos_sig,0.21428571428571427
timing,is_uncitral,median_beta,13.065567633328442
timing,is_uncitral,share_pos_sig,0.33035714285714285
profile,natcourt_exposed,median_beta,0.4483785771267562
profile,natcourt_exposed,share_pos_sig,0.0
profile,is_uncitral,median_beta,-1.4599547022461428
profile,is_uncitral,share_pos_sig,0.0
timing,natcourt_exposed,median_beta,15.204874060070805
timing,natcourt_exposed,share_pos_sig,0.45535714285714285
timing,is_uncitral,median_beta,9.282961994132535
timing,is_uncitral,share_pos_sig,0.25892857142857145
profile,natcourt_exposed,median_beta,4.7026854431881855
profile,natcourt_exposed,share_pos_sig,0.03571428571428571
profile,is_uncitral,median_beta,9.54690624875532
profile,is_uncitral,share_pos_sig,0.08035714285714286
timing,natcourt_exposed,median_beta,9.672094802144738
timing,natcourt_exposed,share_pos_sig,0.32142857142857145
timing,is_uncitral,median_beta,1.183706810502843
timing,is_uncitral,share_pos_sig,0.08928571428571429
profile,natcourt_exposed,median_beta,6.886612425377421
profile,natcourt_exposed,share_pos_sig,0.017857142857142856
profile,is_uncitral,median_beta,5.3487966225584245
profile,is_uncitral,share_pos_sig,0.03571428571428571
timing,natcourt_exposed,median_beta,6.0939309455702055
timing,natcourt_exposed,share_pos_sig,0.125
timing,is_uncitral,median_beta,6.930417241533627
timing,is_uncitral,share_pos_sig,0.32142857142857145
profile,natcourt_exposed,median_beta,-20.74254940966636
profile,natcourt_exposed,share_pos_sig,0.017857142857142856
profile,is_uncitral,median_beta,-5.297824709371736
profile,is_uncitral,share_pos_sig,0.17857142857142858
timing,natcourt_exposed,median_beta,6.585523775585939
timing,natcourt_exposed,share_pos_sig,0.21428571428571427
timing,is_uncitral,median_beta,8.88615414005934
timing,is_uncitral,share_pos_sig,0.08928571428571429
profile,natcourt_exposed,median_beta,4.6074180023165585
profile,natcourt_exposed,share_pos_sig,0.05357142857142857
profile,is_uncitral,median_beta,7.223519391329263
profile,is_uncitral,share_pos_sig,0.17857142857142858
timing,natcourt_exposed,median_beta,9.6589711220095
timing,natcourt_exposed,share_pos_sig,0.16071428571428573
timing,is_uncitral,median_beta,11.710777173987292
timing,is_uncitral,share_pos_sig,0.3392857142857143
profile,natcourt_exposed,median_beta,9.114744932875823
profile,natcourt_exposed,share_pos_sig,0.29464285714285715
profile,is_uncitral,median_beta,10.688095715661195
profile,is_uncitral,share_pos_sig,0.26785714285714285
timing,natcourt_exposed,median_beta,9.547721026975749
timing,natcourt_exposed,share_pos_sig,0.30357142857142855
timing,is_uncitral,median_beta,6.385607394491722
timing,is_uncitral,share_pos_sig,0.16964285714285715
profile,natcourt_exposed,median_beta,0.13427988897456206
profile,natcourt_exposed,share_pos_sig,0.0
profile,is_uncitral,median_beta,7.587617329320385
profile,is_uncitral,share_pos_sig,0.017857142857142856
timing,natcourt_exposed,median_beta,8.407848898954395
timing,natcourt_exposed,share_pos_sig,0.2857142857142857
timing,is_uncitral,median_beta,8.913918427761995
timing,is_uncitral,share_pos_sig,0.0
profile,natcourt_exposed,median_beta,5.941482880719699
profile,natcourt_exposed,share_pos_sig,0.17857142857142858
profile,is_uncitral,median_beta,2.2452290026625987
profile,is_uncitral,share_pos_sig,0.08035714285714286
timing,natcourt_exposed,median_beta,8.554455611559142
timing,natcourt_exposed,share_pos_sig,0.3392857142857143
timing,is_uncitral,median_beta,8.046085279566999
timing,is_uncitral,share_pos_sig,0.07142857142857142
profile,natcourt_exposed,median_beta,-1.7287651356690388
profile,natcourt_exposed,share_pos_sig,0.0
profile,is_uncitral,median_beta,6.767685635546485
profile,is_uncitral,share_pos_sig,0.0
timing,natcourt_exposed,median_beta,13.377107538177064
timing,natcourt_exposed,share_pos_sig,0.30357142857142855
timing,is_uncitral,median_beta,5.477581635061051
timing,is_uncitral,share_pos_sig,0.03571428571428571
profile,natcourt_exposed,median_beta,12.213641041184847
profile,natcourt_exposed,share_pos_sig,0.375
profile,is_uncitral,median_beta,10.857079209864079
profile,is_uncitral,share_pos_sig,0.26785714285714285
timing,natcourt_exposed,median_beta,10.999670149201112
timing,natcourt_exposed,share_pos_sig,0.29464285714285715
timing,is_uncitral,median_beta,9.102552904843696
timing,is_uncitral,share_pos_sig,0.22321428571428573
profile,natcourt_exposed,median_beta,-1.3466341027133557
profile,natcourt_exposed,share_pos_sig,0.0
profile,is_uncitral,median_beta,-0.1252498759148758
profile,is_uncitral,share_pos_sig,0.017857142857142856
timing,natcourt_exposed,median_beta,8.557814307117106
timing,natcourt_exposed,share_pos_sig,0.24107142857142858
timing,is_uncitral,median_beta,4.537784248406139
timing,is_uncitral,share_pos_sig,0.3125
