definition,outcome,coding,event_time,beta,se
bloc1_k2,Non-Convention (primary),none,-4,-16.400662795475576,12.142583223285635
bloc1_k2,Non-Convention (primary),none,-3,-12.132913671220848,12.323195806406428
bloc1_k2,Non-Convention (primary),none,-2,9.70900491667269,22.476651825721294
bloc1_k2,Non-Convention (primary),none,0,17.816009191238372,14.790570650736328
bloc1_k2,Non-Convention (primary),none,1,23.75520175480725,12.232071901385602
bloc1_k2,Non-Convention (primary),none,2,21.8741832227716,16.831858337539355
bloc1_k2,Non-Convention (primary),none,3,29.97109319168624,19.39297375555336
bloc1_k2,Non-Convention (primary),none,4,41.58656768605921,11.698969933608227
bloc1_k2,Non-Convention (primary),three,-4,7.268367091192672,8.021358294198114
bloc1_k2,Non-Convention (primary),three,-3,-12.154654175899507,11.23106113568229
bloc1_k2,Non-Convention (primary),three,-2,16.330550891457776,22.32771430747465
bloc1_k2,Non-Convention (primary),three,0,11.507141655247912,13.83405932233846
bloc1_k2,Non-Convention (primary),three,1,16.33765755258382,11.62079068539877
bloc1_k2,Non-Convention (primary),three,2,12.31096279503678,16.805595098590285
bloc1_k2,Non-Convention (primary),three,3,14.997413971351184,16.60770860942606
bloc1_k2,Non-Convention (primary),three,4,26.926294778461884,11.502909949545112
bloc1_k2,UNCITRAL (secondary),none,-4,-14.502487622174884,9.47477998698592
bloc1_k2,UNCITRAL (secondary),none,-3,-23.30631977476561,10.110499095625403
bloc1_k2,UNCITRAL (secondary),none,-2,1.3695189788722786,27.46816787484387
bloc1_k2,UNCITRAL (secondary),none,0,7.015669764638066,12.82968872461552
bloc1_k2,UNCITRAL (secondary),none,1,5.184241190562872,10.737307045468068
bloc1_k2,UNCITRAL (secondary),none,2,-2.9121470905893023,12.151289012654988
bloc1_k2,UNCITRAL (secondary),none,3,8.280651111196699,19.55833857574389
bloc1_k2,UNCITRAL (secondary),none,4,13.582381159214831,10.869795458366912
bloc1_k2,UNCITRAL (secondary),three,-4,3.829884680608577,12.248993346154748
bloc1_k2,UNCITRAL (secondary),three,-3,-23.24683165554008,10.234159418440209
bloc1_k2,UNCITRAL (secondary),three,-2,5.743776998515884,27.27047043951125
bloc1_k2,UNCITRAL (secondary),three,0,2.806567597893156,11.57857227353724
bloc1_k2,UNCITRAL (secondary),three,1,-0.0463135307590274,9.556085057326817
bloc1_k2,UNCITRAL (secondary),three,2,-9.622706450067728,12.273553105666387
bloc1_k2,UNCITRAL (secondary),three,3,-1.8959553156100823,16.3930968999517
bloc1_k2,UNCITRAL (secondary),three,4,3.65123885681792,11.268280569105814
idx10,Non-Convention (primary),none,-4,-21.88968310728191,10.727968089365271
idx10,Non-Convention (primary),none,-3,28.812876573728104,20.301261996935395
idx10,Non-Convention (primary),none,-2,15.624500569759384,13.914264516973631
idx10,Non-Convention (primary),none,0,34.92658001264711,16.602865012786562
idx10,Non-Convention (primary),none,1,22.853590276570586,7.932186760475896
idx10,Non-Convention (primary),none,2,20.66660824751425,12.986149130074308
idx10,Non-Convention (primary),none,3,49.05703980745279,11.230473416783529
idx10,Non-Convention (primary),none,4,46.20224920066664,9.387356429483123
idx10,Non-Convention (primary),three,-4,-0.4652862382658966,9.226060823539957
idx10,Non-Convention (primary),three,-3,15.288374203822382,16.832115695578466
idx10,Non-Convention (primary),three,-2,19.727144499197383,11.83298973796886
idx10,Non-Convention (primary),three,0,34.067930695844744,16.216932122716113
idx10,Non-Convention (primary),three,1,20.2370980532843,8.618178483618282
idx10,Non-Convention (primary),three,2,18.066542554405604,10.098105710152504
idx10,Non-Convention (primary),three,3,30.31173249686631,11.363626140510938
idx10,Non-Convention (primary),three,4,36.04502777270289,8.757005555343385
idx10,UNCITRAL (secondary),none,-4,-25.575708570009425,8.707362133226287
idx10,UNCITRAL (secondary),none,-3,16.886638547753364,24.740180158853825
idx10,UNCITRAL (secondary),none,-2,13.62834557922416,24.17461847008088
idx10,UNCITRAL (secondary),none,0,26.93851889036721,16.860127292745464
idx10,UNCITRAL (secondary),none,1,5.7589889677795725,10.415658388017048
idx10,UNCITRAL (secondary),none,2,2.172007763588553,10.291993296249656
idx10,UNCITRAL (secondary),none,3,26.75223555589837,14.386511435285254
idx10,UNCITRAL (secondary),none,4,20.12567180261047,11.6371742081893
idx10,UNCITRAL (secondary),three,-4,-15.56247964578277,13.334905382275988
idx10,UNCITRAL (secondary),three,-3,8.869239148022707,21.4516150926106
idx10,UNCITRAL (secondary),three,-2,15.515082088105071,23.70037000447169
idx10,UNCITRAL (secondary),three,0,26.619908107448715,16.51656587817884
idx10,UNCITRAL (secondary),three,1,4.478667957997409,10.1613478277235
idx10,UNCITRAL (secondary),three,2,0.9671367457655258,8.297253602875228
idx10,UNCITRAL (secondary),three,3,16.731140131498506,10.733960192183666
idx10,UNCITRAL (secondary),three,4,14.968619010762524,11.819682778958626
