definition,outcome,assignment,beta,q05,q95,min,max
bloc1_k2,Non-Convention (primary),open: none,8.885626039207134,,,,
bloc1_k2,Non-Convention (primary),open: VEN,28.148822627729665,,,,
bloc1_k2,Non-Convention (primary),open: ECU,9.919406755547993,,,,
bloc1_k2,Non-Convention (primary),"open: ECU,VEN",29.30387942063174,,,,
bloc1_k2,Non-Convention (primary),open: BOL,8.885626039207128,,,,
bloc1_k2,Non-Convention (primary),"open: BOL,VEN",28.148822627729665,,,,
bloc1_k2,Non-Convention (primary),"open: BOL,ECU",9.919406755547987,,,,
bloc1_k2,Non-Convention (primary),"open: BOL,ECU,VEN",29.30387942063174,,,,
bloc1_k2,Non-Convention (primary),random p=0.25,16.18963881301958,11.340091176485886,21.368959775391843,7.395003667745185,26.191253676815634
bloc1_k2,Non-Convention (primary),random p=0.5,21.30260492164857,15.297833842108243,26.64593307841716,8.782200004881771,30.541571078129945
bloc1_k2,Non-Convention (primary),random p=0.75,25.36253514130347,20.408317602098407,29.730916055229976,13.323371806479724,35.29759478190445
bloc1_k2,UNCITRAL (secondary),open: none,1.0037850230118164,,,,
bloc1_k2,UNCITRAL (secondary),open: VEN,12.472101669279974,,,,
bloc1_k2,UNCITRAL (secondary),open: ECU,2.112121268173717,,,,
bloc1_k2,UNCITRAL (secondary),"open: ECU,VEN",13.254971635221716,,,,
bloc1_k2,UNCITRAL (secondary),open: BOL,1.0037850230118184,,,,
bloc1_k2,UNCITRAL (secondary),"open: BOL,VEN",12.47210166927998,,,,
bloc1_k2,UNCITRAL (secondary),"open: BOL,ECU",2.1121212681737145,,,,
bloc1_k2,UNCITRAL (secondary),"open: BOL,ECU,VEN",13.254971635221716,,,,
bloc1_k2,UNCITRAL (secondary),random p=0.25,5.342294117641684,2.1523864754712903,8.305460348367424,-0.5514997764239745,11.09284267273209
bloc1_k2,UNCITRAL (secondary),random p=0.5,8.68674891027139,5.294966564374482,11.564232393957496,2.5911795480691717,14.3971608816482
bloc1_k2,UNCITRAL (secondary),random p=0.75,11.05697432908045,8.331169347495068,13.53784160879499,3.485259004949694,15.959498736739036
idx10,Non-Convention (primary),open: none,15.861650171775768,,,,
idx10,Non-Convention (primary),open: VEN,38.399818910835904,,,,
idx10,Non-Convention (primary),open: ECU,16.759050312023778,,,,
idx10,Non-Convention (primary),"open: ECU,VEN",39.46794651424428,,,,
idx10,Non-Convention (primary),open: BOL,15.861650171775768,,,,
idx10,Non-Convention (primary),"open: BOL,VEN",38.39981891083591,,,,
idx10,Non-Convention (primary),"open: BOL,ECU",16.759050312023785,,,,
idx10,Non-Convention (primary),"open: BOL,ECU,VEN",39.46794651424429,,,,
idx10,Non-Convention (primary),random p=0.25,23.902070198668497,18.33222105466306,29.74892833564505,14.004717862616376,35.34326132895902
idx10,Non-Convention (primary),random p=0.5,29.624393328099732,22.72569686667029,35.645322570541936,15.392577532914482,40.26554479025201
idx10,Non-Convention (primary),random p=0.75,34.46238753302237,28.57940134996404,39.59983897329805,20.895385978012225,46.11459490188309
idx10,UNCITRAL (secondary),open: none,11.056719940717402,,,,
idx10,UNCITRAL (secondary),open: VEN,24.15412344541862,,,,
idx10,UNCITRAL (secondary),open: ECU,12.079515688905612,,,,
idx10,UNCITRAL (secondary),"open: ECU,VEN",24.814735706719883,,,,
idx10,UNCITRAL (secondary),open: BOL,11.056719940717404,,,,
idx10,UNCITRAL (secondary),"open: BOL,VEN",24.154123445418623,,,,
idx10,UNCITRAL (secondary),"open: BOL,ECU",12.079515688905612,,,,
idx10,UNCITRAL (secondary),"open: BOL,ECU,VEN",24.81473570671989,,,,
idx10,UNCITRAL (secondary),random p=0.25,15.666095879129236,12.200427937391682,18.985284344596074,9.198648670118873,22.4493406599682
idx10,UNCITRAL (secondary),random p=0.5,19.255147362281317,15.473696453312382,22.596517048207875,12.519659055666958,25.954086967883896
idx10,UNCITRAL (secondary),random p=0.75,22.000873145425427,18.98706288065961,24.910684245349003,13.547273384443947,27.99275959483763
