Specification,Outcome,Effect (pp),s.e.,p_CR1,N,check vs paper
Baseline,Non-Convention,33.28400214907632,13.534189691249468,0.015301680241511918,958,match
Excluding the Crimea claims only,Non-Convention,33.98656587283948,13.365154195294908,0.012222980410501176,948,match
Inverse group-size weights,Non-Convention,25.600596978176227,11.3144203560169,0.02539701242276996,958,match
Collapsed to one case per group,Non-Convention,22.957654736917934,12.429251133818969,0.06712125851342209,777,match
Excluding all parallel groups,Non-Convention,20.727773846229162,9.704707034686086,0.034673776180768105,666,match
Baseline,UNCITRAL,15.528135684340977,5.2508609421290116,0.0037174364269212273,958,match
Excluding the Crimea claims only,UNCITRAL,14.841350597430578,5.031600438172758,0.003804168372623398,948,match
Inverse group-size weights,UNCITRAL,9.766576230530989,6.234447495044389,0.11976827723623472,958,match
Collapsed to one case per group,UNCITRAL,8.3616772587598,6.940515591771931,0.23058911262996568,777,match
Excluding all parallel groups,UNCITRAL,7.711051645017696,9.184008653290398,0.40275202851928155,666,match
