definition,sample,coding,weights,outcome,beta,se,p,switchers,low_switchers
idx10,all,none,none,natcourt_exposed,40.67275272424678,13.307648421800197,0.00274434104012337,8,False
idx10,all,none,none,is_uncitral,25.50062724961717,6.486688380962387,0.00013966693407574596,8,False
bloc1_k1,all,none,none,natcourt_exposed,0.20170856386696973,9.529400196693064,0.9831464824430017,27,False
bloc1_k1,all,none,none,is_uncitral,13.616721792203885,7.664132209649189,0.07807278709029047,27,False
bloc1_k2,all,none,none,natcourt_exposed,33.284002149076315,13.534189691249466,0.015301680241511918,12,False
bloc1_k2,all,none,none,is_uncitral,15.52813568434097,5.250860942129012,0.0037174364269212563,12,False
bloc1_k3,all,none,none,natcourt_exposed,45.46949837186318,11.728087583554352,0.00017051970360348583,5,False
bloc1_k3,all,none,none,is_uncitral,23.068001221334615,6.964451558479568,0.0012129512370841773,5,False
transatlantic,all,none,none,natcourt_exposed,31.76268531540019,14.396507936855109,0.029206584270272076,9,False
transatlantic,all,none,none,is_uncitral,17.24640116199811,7.85440792413293,0.02996984612568019,9,False
eu_fin,all,none,none,natcourt_exposed,43.033489103815995,10.401971321186542,6.439656739529436e-05,7,False
eu_fin,all,none,none,is_uncitral,24.998628142279998,6.089581160181845,7.273313418732866e-05,7,False
us_fin,all,none,none,natcourt_exposed,-1.392872216172007,8.847953175518047,0.8751674606840766,27,False
us_fin,all,none,none,is_uncitral,9.839323974105863,7.776701472035887,0.20816093520403112,27,False
idx10,all,none,group,natcourt_exposed,41.387210614917386,13.066094033195027,0.0019358440941365498,8,False
idx10,all,none,group,is_uncitral,24.964626089323794,6.157738265672754,8.822907516674811e-05,8,False
bloc1_k1,all,none,group,natcourt_exposed,0.4298305357414727,9.572011934282273,0.964255321203008,27,False
bloc1_k1,all,none,group,is_uncitral,13.181220244234742,7.553686700555834,0.08346140457421478,27,False
bloc1_k2,all,none,group,natcourt_exposed,33.83883874920241,13.388886430324657,0.012748938132268333,12,False
bloc1_k2,all,none,group,is_uncitral,14.980653416708618,5.06582432463792,0.003718062311484197,12,False
bloc1_k3,all,none,group,natcourt_exposed,46.41983361442138,11.140840150309437,5.748995869025912e-05,5,False
bloc1_k3,all,none,group,is_uncitral,22.377129989084413,6.455803462173778,0.0007258798218878589,5,False
transatlantic,all,none,group,natcourt_exposed,32.23546653745242,14.383772980096376,0.026798764680254807,9,False
transatlantic,all,none,group,is_uncitral,16.777647683679593,7.725711160582073,0.0317845116083632,9,False
eu_fin,all,none,group,natcourt_exposed,43.79112112038852,9.973447623003821,2.3925053069681162e-05,7,False
eu_fin,all,none,group,is_uncitral,24.448737654097847,5.71792611761567,3.765140939057014e-05,7,False
us_fin,all,none,group,natcourt_exposed,-1.2114686819058746,8.879098449262345,0.8916943238016104,27,False
us_fin,all,none,group,is_uncitral,9.434334444777335,7.667331933910813,0.2208545131364561,27,False
idx10,all,strict,none,natcourt_exposed,15.861650171775768,6.225157139615239,0.01205570750034493,8,False
idx10,all,strict,none,is_uncitral,11.056719940717402,10.466048652389938,0.2928225288280581,8,False
bloc1_k1,all,strict,none,natcourt_exposed,5.289414047759377,6.139710817177525,0.39062084569764666,27,False
bloc1_k1,all,strict,none,is_uncitral,16.643601415651357,6.019586512000721,0.006563787710040127,27,False
bloc1_k2,all,strict,none,natcourt_exposed,8.885626039207134,7.425527988900254,0.2337328339472042,12,False
bloc1_k2,all,strict,none,is_uncitral,1.0037850230118164,6.849745222403499,0.8837304033723979,12,False
bloc1_k3,all,strict,none,natcourt_exposed,12.710507204023985,6.296505934756982,0.0456795393809418,5,False
bloc1_k3,all,strict,none,is_uncitral,3.6123688923924178,9.481595035892827,0.7038644998644762,5,False
transatlantic,all,strict,none,natcourt_exposed,12.045770616903441,6.591731574655082,0.07004322222448757,9,False
transatlantic,all,strict,none,is_uncitral,5.640200428630213,8.059625492070484,0.4853572373545431,9,False
eu_fin,all,strict,none,natcourt_exposed,16.64044945651425,5.096078263365038,0.0014136774628703188,7,False
eu_fin,all,strict,none,is_uncitral,9.52774997809101,10.398132929554956,0.36129114474259527,7,False
us_fin,all,strict,none,natcourt_exposed,3.642459820826658,5.216148745582184,0.4862943329507929,27,False
us_fin,all,strict,none,is_uncitral,12.829893726358595,6.048422641677143,0.035896159011844314,27,False
idx10,all,strict,group,natcourt_exposed,16.287580864580057,6.18321996709175,0.009509439592133243,8,False
idx10,all,strict,group,is_uncitral,10.292169695838696,10.044634609443957,0.307526180189571,8,False
bloc1_k1,all,strict,group,natcourt_exposed,5.531170303928856,6.178103530318586,0.37236877412179864,27,False
bloc1_k1,all,strict,group,is_uncitral,16.215777435612974,5.893798600177978,0.006825501661830393,27,False
bloc1_k2,all,strict,group,natcourt_exposed,9.192992261901926,7.410976371303451,0.21714865748590695,12,False
bloc1_k2,all,strict,group,is_uncitral,0.24631211645627704,6.345422955516588,0.9690984868989249,12,False
bloc1_k3,all,strict,group,natcourt_exposed,13.211203518349567,6.135709224175436,0.03324146618162469,5,False
bloc1_k3,all,strict,group,is_uncitral,2.5442187155579776,8.569882763740429,0.7670555637907256,5,False
transatlantic,all,strict,group,natcourt_exposed,12.339042422308983,6.593528423593577,0.06364796530065014,9,False
transatlantic,all,strict,group,is_uncitral,5.025727612283388,7.7414118961068805,0.5174095221489556,9,False
eu_fin,all,strict,group,natcourt_exposed,17.09193948533919,4.984498020914063,0.0008229508958868725,7,False
eu_fin,all,strict,group,is_uncitral,8.72847085371544,9.940579341648956,0.3816068491314294,7,False
us_fin,all,strict,group,natcourt_exposed,3.8333376128430925,5.2455392845679825,0.4662918268063239,27,False
us_fin,all,strict,group,is_uncitral,12.430147807056171,5.921959538869298,0.037845896320024594,27,False
idx10,all,three,none,natcourt_exposed,20.70201015006416,7.651511875575648,0.00777790766409518,8,False
idx10,all,three,none,is_uncitral,12.448802825011606,11.11537505461588,0.2648943388703826,8,False
bloc1_k1,all,three,none,natcourt_exposed,5.230536879666206,6.156151578824726,0.397160525502335,27,False
bloc1_k1,all,three,none,is_uncitral,16.685979861433083,6.030903144489834,0.006529060683636939,27,False
bloc1_k2,all,three,none,natcourt_exposed,11.577793210843886,8.994444945605885,0.20041655349347978,12,False
bloc1_k2,all,three,none,is_uncitral,0.49445590978945364,7.574694976233271,0.9480583102078262,12,False
bloc1_k3,all,three,none,natcourt_exposed,18.272108973032022,8.511328248549122,0.03375623651374644,5,False
bloc1_k3,all,three,none,is_uncitral,3.4671217922221813,11.329418228152644,0.7600963544171876,5,False
transatlantic,all,three,none,natcourt_exposed,14.340046313562308,7.861766699042764,0.07055647037327835,9,False
transatlantic,all,three,none,is_uncitral,5.736445401760848,8.368561749758735,0.49432331866733153,9,False
eu_fin,all,three,none,natcourt_exposed,21.75239645696227,5.96864942122349,0.00039255168357347256,7,False
eu_fin,all,three,none,is_uncitral,10.627558778178548,11.257647026864426,0.34698998149729715,7,False
us_fin,all,three,none,natcourt_exposed,3.5212684518472783,5.275595492914044,0.5057162770784042,27,False
us_fin,all,three,none,is_uncitral,12.940591367257365,6.074446899838687,0.035119482107788515,27,False
idx10,all,three,group,natcourt_exposed,21.317262882077397,7.5132769014680445,0.005316793529092255,8,False
idx10,all,three,group,is_uncitral,11.51958734474714,10.675298651308397,0.2826430128067941,8,False
bloc1_k1,all,three,group,natcourt_exposed,5.4731162307964905,6.193099146894966,0.3785444822605914,27,False
bloc1_k1,all,three,group,is_uncitral,16.257906700192066,5.904417300378967,0.0067827170222045955,27,False
bloc1_k2,all,three,group,natcourt_exposed,11.987373253122685,8.990462195416884,0.18486343492895024,12,False
bloc1_k2,all,three,group,is_uncitral,-0.4180486960847365,6.981303243857553,0.9523466678175371,12,False
bloc1_k3,all,three,group,natcourt_exposed,19.055161892667343,8.20816640811213,0.02189228997958292,5,False
bloc1_k3,all,three,group,is_uncitral,2.059609061333005,10.245149253538619,0.8410024601528112,5,False
transatlantic,all,three,group,natcourt_exposed,14.705352991028754,7.882094275364395,0.064451215460937,9,False
transatlantic,all,three,group,is_uncitral,5.036163896972067,8.016249609680413,0.5309992717240831,9,False
eu_fin,all,three,group,natcourt_exposed,22.407750787759046,5.655157673723066,0.00012444605641451136,7,False
eu_fin,all,three,group,is_uncitral,9.64705936830644,10.791115862134792,0.37306358409643187,7,False
us_fin,all,three,group,natcourt_exposed,3.71203786746696,5.304003088510069,0.4853281978731965,27,False
us_fin,all,three,group,is_uncitral,12.541269964693981,5.948227566131666,0.03700855774319601,27,False
idx10,all,lax,none,natcourt_exposed,39.46794651424429,12.676018976042892,0.0022955102235494235,8,False
idx10,all,lax,none,is_uncitral,24.81473570671989,5.994310511623198,6.374360965401594e-05,8,False
bloc1_k1,all,lax,none,natcourt_exposed,3.3220113023021995,7.407792435974908,0.6546123875998296,27,False
bloc1_k1,all,lax,none,is_uncitral,15.415878926751178,6.720741648497655,0.023486152499688297,27,False
bloc1_k2,all,lax,none,natcourt_exposed,29.30387942063174,14.997661636568658,0.05296483325666378,12,False
bloc1_k2,all,lax,none,is_uncitral,13.254971635221715,5.71668590884516,0.022051253794678403,12,False
bloc1_k3,all,lax,none,natcourt_exposed,42.305611374735236,13.052985778487656,0.0015293512896682572,5,False
bloc1_k3,all,lax,none,is_uncitral,21.26374414153392,5.845989436126424,0.00040247630543805487,5,False
transatlantic,all,lax,none,natcourt_exposed,28.511353389524782,14.588929773962455,0.052914868058356275,9,False
transatlantic,all,lax,none,is_uncitral,15.39342391799966,7.421392951967604,0.04013034335071176,9,False
eu_fin,all,lax,none,natcourt_exposed,40.838702543611426,11.340241426692451,0.0004565544224246635,7,False
eu_fin,all,lax,none,is_uncitral,23.748775927978247,5.53776824652386,3.5824991269779376e-05,7,False
us_fin,all,lax,none,natcourt_exposed,0.6485626865226282,7.234658338227513,0.928712670722863,27,False
us_fin,all,lax,none,is_uncitral,11.010471980858973,7.189817163140748,0.1282183226462496,27,False
idx10,all,lax,group,natcourt_exposed,40.16544784697546,12.362649517001971,0.001490930867847899,8,False
idx10,all,lax,group,is_uncitral,24.268987858983607,5.66194677420168,3.6131852289999044e-05,8,False
bloc1_k1,all,lax,group,natcourt_exposed,3.581879816492871,7.433154451409181,0.6307414360626598,27,False
bloc1_k1,all,lax,group,is_uncitral,14.997664606111192,6.611576301653573,0.025034529431995144,27,False
bloc1_k2,all,lax,group,natcourt_exposed,29.820517639334675,14.876048497061715,0.047184178361491115,12,False
bloc1_k2,all,lax,group,is_uncitral,12.684210303190135,5.606553049412207,0.025413657280986466,12,False
bloc1_k3,all,lax,group,natcourt_exposed,43.20997063770506,12.461266499264184,0.0007225943407237954,5,False
bloc1_k3,all,lax,group,is_uncitral,20.54576891658545,5.312361641427702,0.00017650874254934823,5,False
transatlantic,all,lax,group,natcourt_exposed,28.956633678647176,14.563821802979831,0.04898565673526785,9,False
transatlantic,all,lax,group,is_uncitral,14.908099753435305,7.29187688297072,0.04302301877229002,9,False
eu_fin,all,lax,group,natcourt_exposed,41.56907490508054,10.9196678703416,0.00022012329026878006,7,False
eu_fin,all,lax,group,is_uncitral,23.182983050897395,5.157265903280769,1.5741134200697268e-05,7,False
us_fin,all,lax,group,natcourt_exposed,0.847139852772493,7.259116333977308,0.9072864830800215,27,False
us_fin,all,lax,group,is_uncitral,10.614867620127884,7.082334381786143,0.1364720296020573,27,False
idx10,excl_VEN,none,none,natcourt_exposed,18.59361757316099,16.06855534693542,0.24945616345155608,7,False
idx10,excl_VEN,none,none,is_uncitral,33.765617650811535,9.077322729480596,0.000301734479871216,7,False
bloc1_k1,excl_VEN,none,none,natcourt_exposed,4.91466897712904,8.647162477286514,0.5708292554500791,27,False
bloc1_k1,excl_VEN,none,none,is_uncitral,16.78431356044977,7.379989175166519,0.02468059344449328,27,False
bloc1_k2,excl_VEN,none,none,natcourt_exposed,11.41608951737382,10.30886559887334,0.2702797887947344,11,False
bloc1_k2,excl_VEN,none,none,is_uncitral,13.403698502285613,8.082052324305483,0.0997742574943076,11,False
bloc1_k3,excl_VEN,none,none,natcourt_exposed,15.372404893866012,16.593888523833662,0.35605770029316236,4,True
bloc1_k3,excl_VEN,none,none,is_uncitral,34.94638381698292,15.401907588190722,0.02501299610899458,4,True
transatlantic,excl_VEN,none,none,natcourt_exposed,14.110106627936432,10.35020417763394,0.17528814601262216,8,False
transatlantic,excl_VEN,none,none,is_uncitral,17.71089655804895,11.884916900458652,0.13873171700411588,8,False
eu_fin,excl_VEN,none,none,natcourt_exposed,22.5945703291456,9.051251079852245,0.013873227800182878,6,False
eu_fin,excl_VEN,none,none,is_uncitral,34.23124001596729,5.337297191246372,2.761804466953323e-09,6,False
us_fin,excl_VEN,none,none,natcourt_exposed,3.8712627092350984,7.528273674788391,0.6080140084354297,27,False
us_fin,excl_VEN,none,none,is_uncitral,13.462797204679374,7.193523425632429,0.06364905872185546,27,False
idx10,excl_VEN,none,group,natcourt_exposed,19.682776693404204,16.46482751296515,0.23421337466508974,7,False
idx10,excl_VEN,none,group,is_uncitral,32.682073010135475,8.905017362687344,0.00035977651452282503,7,False
bloc1_k1,excl_VEN,none,group,natcourt_exposed,5.147366427511861,8.695142054510198,0.5549493087582317,27,False
bloc1_k1,excl_VEN,none,group,is_uncitral,16.32363057073847,7.272540105898904,0.026583989707340005,27,False
bloc1_k2,excl_VEN,none,group,natcourt_exposed,12.076721043291686,10.495653671611459,0.25211232617363066,11,False
bloc1_k2,excl_VEN,none,group,is_uncitral,12.261158162323643,7.555844714297347,0.10720572872169813,11,False
bloc1_k3,excl_VEN,none,group,natcourt_exposed,17.397881099072965,17.345213548275964,0.31781246573592176,4,True
bloc1_k3,excl_VEN,none,group,is_uncitral,32.89516354471621,15.492448640515658,0.035732037006935446,4,True
transatlantic,excl_VEN,none,group,natcourt_exposed,14.657679152364617,10.549759294581076,0.1672256896969593,8,False
transatlantic,excl_VEN,none,group,is_uncitral,16.894215950075793,11.686264835512256,0.1508193181676657,8,False
eu_fin,excl_VEN,none,group,natcourt_exposed,23.904572608857933,8.758739196723079,0.007279606327812042,6,False
eu_fin,excl_VEN,none,group,is_uncitral,33.064496253452276,5.082919806762737,1.7593324068229758e-09,6,False
us_fin,excl_VEN,none,group,natcourt_exposed,4.059662477844234,7.56143852747876,0.5923132763833832,27,False
us_fin,excl_VEN,none,group,is_uncitral,13.037459595252992,7.08334595904105,0.06809344291872868,27,False
idx10,excl_VEN,strict,none,natcourt_exposed,14.248151166637289,10.585733303059948,0.18078558360151184,7,False
idx10,excl_VEN,strict,none,is_uncitral,30.992448748827062,7.094706997263116,2.6292006561190923e-05,7,False
bloc1_k1,excl_VEN,strict,none,natcourt_exposed,6.173730872260389,6.38617994966389,0.33557450570077507,27,False
bloc1_k1,excl_VEN,strict,none,is_uncitral,17.59705358609561,6.264867839521519,0.00578510141682703,27,False
bloc1_k2,excl_VEN,strict,none,natcourt_exposed,2.2669239069182305,9.40713701345307,0.8099725047931176,11,False
bloc1_k2,excl_VEN,strict,none,is_uncitral,7.557882387470835,8.41041544445121,0.37060361394740793,11,False
bloc1_k3,excl_VEN,strict,none,natcourt_exposed,3.476953803443905,8.798454558131843,0.6933961806943576,4,True
bloc1_k3,excl_VEN,strict,none,is_uncitral,27.38749593332877,12.744787533256961,0.03360010981533651,4,True
transatlantic,excl_VEN,strict,none,natcourt_exposed,7.910500655336546,7.834562058375662,0.3146246562294975,8,False
transatlantic,excl_VEN,strict,none,is_uncitral,13.754679388601286,10.4150508827591,0.1890687129173316,8,False
eu_fin,excl_VEN,strict,none,natcourt_exposed,16.227965226178387,7.733645779310352,0.0379194151549522,6,False
eu_fin,excl_VEN,strict,none,is_uncitral,30.174140055879246,6.003632757848487,1.7217029615780183e-06,6,False
us_fin,excl_VEN,strict,none,natcourt_exposed,4.31194211035314,5.526619099686296,0.43676413869589226,27,False
us_fin,excl_VEN,strict,none,is_uncitral,13.746366740273274,6.387296999610674,0.03333973032608408,27,False
idx10,excl_VEN,strict,group,natcourt_exposed,15.191307776600805,10.722214256319168,0.15906719038697678,7,False
idx10,excl_VEN,strict,group,is_uncitral,29.814072877052844,6.791356035617734,2.413171211450181e-05,7,False
bloc1_k1,excl_VEN,strict,group,natcourt_exposed,6.412946578678422,6.4269979023768835,0.32032865068920274,27,False
bloc1_k1,excl_VEN,strict,group,is_uncitral,17.140451148835936,6.143854948623004,0.0061136994901742625,27,False
bloc1_k2,excl_VEN,strict,group,natcourt_exposed,2.736342524313073,9.596099241571762,0.776007632221704,11,False
bloc1_k2,excl_VEN,strict,group,is_uncitral,6.284160710264865,7.748785693968522,0.4189398870851589,11,False
bloc1_k3,excl_VEN,strict,group,natcourt_exposed,4.833119520061444,9.3888340674139,0.6076353639055007,4,True
bloc1_k3,excl_VEN,strict,group,is_uncitral,24.89897655022015,12.039289352966655,0.0407226018158976,4,True
transatlantic,excl_VEN,strict,group,natcourt_exposed,8.35424196232741,7.956770789738196,0.29579791123380017,8,False
transatlantic,excl_VEN,strict,group,is_uncitral,12.86778412833841,10.107363086487435,0.20537998284468847,8,False
eu_fin,excl_VEN,strict,group,natcourt_exposed,17.325432136604576,7.420970089174494,0.021181983354549388,6,False
eu_fin,excl_VEN,strict,group,is_uncitral,28.868306234822406,5.679457769830608,1.344958606641638e-06,6,False
us_fin,excl_VEN,strict,group,natcourt_exposed,4.498316526792995,5.5596189410524275,0.42001699390918107,27,False
us_fin,excl_VEN,strict,group,is_uncitral,13.319720422621163,6.265079708581486,0.035500012199555314,27,False
idx10,excl_VEN,three,none,natcourt_exposed,14.459779337330307,10.525243760677604,0.17199645538953143,7,False
idx10,excl_VEN,three,none,is_uncitral,30.66977887660059,7.2468766634166615,4.4854335367154506e-05,7,False
bloc1_k1,excl_VEN,three,none,natcourt_exposed,6.625639158512993,6.435985681168839,0.30528009392774724,27,False
bloc1_k1,excl_VEN,three,none,is_uncitral,17.131561859563092,6.41969181690831,0.0086440955076615,27,False
bloc1_k2,excl_VEN,three,none,natcourt_exposed,2.484429877491129,9.429608722650123,0.7926283267254427,11,False
bloc1_k2,excl_VEN,three,none,is_uncitral,7.194329591788216,8.491462649437008,0.39850540165143894,11,False
bloc1_k3,excl_VEN,three,none,natcourt_exposed,3.3559904267422542,8.754614107997606,0.7021297145079276,4,True
bloc1_k3,excl_VEN,three,none,is_uncitral,27.603380654163,12.81924370735657,0.03324845232166564,4,True
transatlantic,excl_VEN,three,none,natcourt_exposed,8.067011068322708,7.837683340482132,0.305377419834695,8,False
transatlantic,excl_VEN,three,none,is_uncitral,13.504701309475085,10.438037170249943,0.19815975450748946,8,False
eu_fin,excl_VEN,three,none,natcourt_exposed,16.309419331927124,7.708269285448857,0.03637527631706334,6,False
eu_fin,excl_VEN,three,none,is_uncitral,30.039235822704097,6.109497288874331,2.751200151919632e-06,6,False
us_fin,excl_VEN,three,none,natcourt_exposed,4.71286933367748,5.583552970664386,0.40027295081872755,27,False
us_fin,excl_VEN,three,none,is_uncitral,13.281996173960803,6.5005835904864595,0.04316882026301463,27,False
idx10,excl_VEN,three,group,natcourt_exposed,15.413445625269066,10.649229885576817,0.1503354324351588,7,False
idx10,excl_VEN,three,group,is_uncitral,29.475310615646357,6.9326066259483365,4.157254807289623e-05,7,False
bloc1_k1,excl_VEN,three,group,natcourt_exposed,6.874284071028443,6.475935782198274,0.2905370756214736,27,False
bloc1_k1,excl_VEN,three,group,is_uncitral,16.66142027733827,6.2960835269727315,0.009201040077584122,27,False
bloc1_k2,excl_VEN,three,group,natcourt_exposed,2.961557299421079,9.617408753526044,0.7586510165872697,11,False
bloc1_k2,excl_VEN,three,group,is_uncitral,5.906124041598062,7.819006135931026,0.45148012614702854,11,False
bloc1_k3,excl_VEN,three,group,natcourt_exposed,4.713094823183951,9.344481331714114,0.6149023157168275,4,True
bloc1_k3,excl_VEN,three,group,is_uncitral,25.113473606203716,12.125206902511334,0.04043316834787154,4,True
transatlantic,excl_VEN,three,group,natcourt_exposed,8.515708657630698,7.957846398159957,0.28666874577080825,8,False
transatlantic,excl_VEN,three,group,is_uncitral,12.609241776674686,10.12204831759913,0.21523476038277373,8,False
eu_fin,excl_VEN,three,group,natcourt_exposed,17.41345394204242,7.384742177898975,0.019949406745521397,6,False
eu_fin,excl_VEN,three,group,is_uncitral,28.72250529318801,5.782808824083629,2.2207262922669283e-06,6,False
us_fin,excl_VEN,three,group,natcourt_exposed,4.9064070178758845,5.616268258822455,0.38403513760253055,27,False
us_fin,excl_VEN,three,group,is_uncitral,12.843266652143493,6.375328515352819,0.046135276751758394,27,False
idx10,excl_VEN,lax,none,natcourt_exposed,15.2629178054222,10.653581563687196,0.15449282891641697,7,False
idx10,excl_VEN,lax,none,is_uncitral,31.71592438214715,6.965675733255594,1.2522105216461025e-05,7,False
bloc1_k1,excl_VEN,lax,none,natcourt_exposed,7.790453275485995,6.426183877690729,0.22772159624335658,27,False
bloc1_k1,excl_VEN,lax,none,is_uncitral,18.58424034922472,6.381512373194111,0.004263064691219748,27,False
bloc1_k2,excl_VEN,lax,none,natcourt_exposed,3.5094713342683295,9.474453676007915,0.7117110658728214,11,False
bloc1_k2,excl_VEN,lax,none,is_uncitral,8.536665934287278,8.364889094144507,0.3094776559491231,11,False
bloc1_k3,excl_VEN,lax,none,natcourt_exposed,3.35002180893325,8.78475917347834,0.7036053806667368,4,True
bloc1_k3,excl_VEN,lax,none,is_uncitral,27.595504909520002,12.78297493330246,0.03280987125946161,4,True
transatlantic,excl_VEN,lax,none,natcourt_exposed,8.769659289085443,7.9242370568841,0.27058848673110986,8,False
transatlantic,excl_VEN,lax,none,is_uncitral,14.42727800070922,10.482930844817762,0.17124040994611897,8,False
eu_fin,excl_VEN,lax,none,natcourt_exposed,16.787417930243315,7.652862233278627,0.030143132144660564,6,False
eu_fin,excl_VEN,lax,none,is_uncitral,30.66675020093291,5.809110607046403,5.675189992676143e-07,6,False
us_fin,excl_VEN,lax,none,natcourt_exposed,5.829058373481728,5.605256210565668,0.30041360034535397,27,False
us_fin,excl_VEN,lax,none,is_uncitral,14.682973723810655,6.482803190736704,0.025268121136202703,27,False
idx10,excl_VEN,lax,group,natcourt_exposed,16.248309508793106,10.759867692064294,0.13358655447200973,7,False
idx10,excl_VEN,lax,group,is_uncitral,30.567759129996933,6.692246822015314,1.180595127325631e-05,7,False
bloc1_k1,excl_VEN,lax,group,natcourt_exposed,8.051331045702993,6.462094544652509,0.21515727838222604,27,False
bloc1_k1,excl_VEN,lax,group,is_uncitral,18.14019586999368,6.275117183628405,0.00454400135841738,27,False
bloc1_k2,excl_VEN,lax,group,natcourt_exposed,4.013574010876434,9.654378663029885,0.6783350737423051,11,False
bloc1_k2,excl_VEN,lax,group,is_uncitral,7.291543545957408,7.73988479047158,0.3480014320833079,11,False
bloc1_k3,excl_VEN,lax,group,natcourt_exposed,4.733211754749397,9.370416608396384,0.6143764151248671,4,True
bloc1_k3,excl_VEN,lax,group,is_uncitral,25.14006134729404,12.117110611106602,0.040094274866193755,4,True
transatlantic,excl_VEN,lax,group,natcourt_exposed,9.234319998907267,8.041161845339614,0.25303964473699153,8,False
transatlantic,excl_VEN,lax,group,is_uncitral,13.557035348532121,10.196668637555929,0.18612538061973663,8,False
eu_fin,excl_VEN,lax,group,natcourt_exposed,17.91801669595456,7.297698555938238,0.015474501411183865,6,False
eu_fin,excl_VEN,lax,group,is_uncitral,29.387230564219088,5.495521591228489,4.1819777167326476e-07,6,False
us_fin,excl_VEN,lax,group,natcourt_exposed,6.03256865400359,5.635822896696253,0.28653654362620884,27,False
us_fin,excl_VEN,lax,group,is_uncitral,14.266560943847791,6.3726736354585185,0.026972974337566392,27,False
