definition,outcome,iso3,coding,beta_country,n_pre,n_post,rate_pre,rate_post,conv_available_pre,conv_available_post
bloc1_k2,Non-Convention (primary),CMR,none,21.828491427423714,2,1,0.0,0.0,1.0,1.0
bloc1_k2,Non-Convention (primary),ETH,none,1.9238759470789049,2,2,100.0,100.0,0.0,0.0
bloc1_k2,Non-Convention (primary),GTM,none,-24.938403504089173,5,2,40.0,0.0,1.0,1.0
bloc1_k2,Non-Convention (primary),IRQ,none,47.27964941680794,4,2,0.0,50.0,1.0,1.0
bloc1_k2,Non-Convention (primary),MDA,none,18.665560003205957,8,1,75.0,100.0,0.5,0.0
bloc1_k2,Non-Convention (primary),NIC,none,17.83499285212694,1,1,0.0,0.0,1.0,1.0
bloc1_k2,Non-Convention (primary),RUS,none,3.066846691269404,2,16,100.0,100.0,0.0,0.0
bloc1_k2,Non-Convention (primary),SAU,none,53.63096950243079,2,8,0.0,50.0,1.0,0.875
bloc1_k2,Non-Convention (primary),SRB,none,-21.18483313365812,11,1,18.181818181818183,0.0,1.0,1.0
bloc1_k2,Non-Convention (primary),TUR,none,-15.20279156989873,7,3,28.57142857142857,0.0,1.0,1.0
bloc1_k2,Non-Convention (primary),TZA,none,34.636267365956186,1,11,0.0,36.36363636363637,1.0,1.0
bloc1_k2,Non-Convention (primary),VEN,none,57.89045887138175,32,21,31.25,90.47619047619048,0.59375,0.0
bloc1_k2,Non-Convention (primary),CMR,three,14.498435108255928,2,1,0.0,0.0,1.0,1.0
bloc1_k2,Non-Convention (primary),ETH,three,-6.210516875689855,2,2,100.0,100.0,0.0,0.0
bloc1_k2,Non-Convention (primary),GTM,three,-28.938878792215807,5,2,40.0,0.0,1.0,1.0
bloc1_k2,Non-Convention (primary),IRQ,three,40.16541036800443,4,2,0.0,50.0,1.0,1.0
bloc1_k2,Non-Convention (primary),MDA,three,-22.302483183244714,8,1,75.0,100.0,0.5,0.0
bloc1_k2,Non-Convention (primary),NIC,three,11.842292090039432,1,1,0.0,0.0,1.0,1.0
bloc1_k2,Non-Convention (primary),RUS,three,0.7241111869145076,2,16,100.0,100.0,0.0,0.0
bloc1_k2,Non-Convention (primary),SAU,three,41.29967068474127,2,8,0.0,50.0,1.0,0.875
bloc1_k2,Non-Convention (primary),SRB,three,-29.210749982285886,11,1,18.181818181818183,0.0,1.0,1.0
bloc1_k2,Non-Convention (primary),TUR,three,-19.73370129033121,7,3,28.57142857142857,0.0,1.0,1.0
bloc1_k2,Non-Convention (primary),TZA,three,30.43035007687325,1,11,0.0,36.36363636363637,1.0,1.0
bloc1_k2,Non-Convention (primary),VEN,three,28.110897885280615,32,21,31.25,90.47619047619048,0.59375,0.0
bloc1_k2,UNCITRAL (secondary),CMR,none,17.888986488302326,2,1,0.0,0.0,1.0,1.0
bloc1_k2,UNCITRAL (secondary),ETH,none,11.508647713964614,2,2,100.0,100.0,0.0,0.0
bloc1_k2,UNCITRAL (secondary),GTM,none,-27.691917598113914,5,2,40.0,0.0,1.0,1.0
bloc1_k2,UNCITRAL (secondary),IRQ,none,8.457960106814024,4,2,0.0,0.0,1.0,1.0
bloc1_k2,UNCITRAL (secondary),MDA,none,-6.677869016719869,8,1,12.5,0.0,0.5,0.0
bloc1_k2,UNCITRAL (secondary),NIC,none,12.7351087462998,1,1,0.0,0.0,1.0,1.0
bloc1_k2,UNCITRAL (secondary),RUS,none,44.66067196639262,2,16,50.0,93.75,0.0,0.0
bloc1_k2,UNCITRAL (secondary),SAU,none,27.723078179008205,2,8,0.0,25.0,1.0,0.875
bloc1_k2,UNCITRAL (secondary),SRB,none,0.16847092840728156,11,1,9.090909090909092,0.0,1.0,1.0
bloc1_k2,UNCITRAL (secondary),TUR,none,-2.0430102002724286,7,3,14.285714285714285,0.0,1.0,1.0
bloc1_k2,UNCITRAL (secondary),TZA,none,41.25462526827274,1,11,0.0,36.36363636363637,1.0,1.0
bloc1_k2,UNCITRAL (secondary),VEN,none,19.502578021185524,32,21,15.625,33.33333333333333,0.59375,0.0
bloc1_k2,UNCITRAL (secondary),CMR,three,13.30492270684532,2,1,0.0,0.0,1.0,1.0
bloc1_k2,UNCITRAL (secondary),ETH,three,5.63324305844562,2,2,100.0,100.0,0.0,0.0
bloc1_k2,UNCITRAL (secondary),GTM,three,-29.8597220814581,5,2,40.0,0.0,1.0,1.0
bloc1_k2,UNCITRAL (secondary),IRQ,three,3.2444559253881025,4,2,0.0,0.0,1.0,1.0
bloc1_k2,UNCITRAL (secondary),MDA,three,-31.11304266011078,8,1,12.5,0.0,0.5,0.0
bloc1_k2,UNCITRAL (secondary),NIC,three,9.289918412205205,1,1,0.0,0.0,1.0,1.0
bloc1_k2,UNCITRAL (secondary),RUS,three,44.29083320330459,2,16,50.0,93.75,0.0,0.0
bloc1_k2,UNCITRAL (secondary),SAU,three,20.483721323493196,2,8,0.0,25.0,1.0,0.875
bloc1_k2,UNCITRAL (secondary),SRB,three,-5.702427756365891,11,1,9.090909090909092,0.0,1.0,1.0
bloc1_k2,UNCITRAL (secondary),TUR,three,-4.682905274626752,7,3,14.285714285714285,0.0,1.0,1.0
bloc1_k2,UNCITRAL (secondary),TZA,three,39.282279190212655,1,11,0.0,36.36363636363637,1.0,1.0
bloc1_k2,UNCITRAL (secondary),VEN,three,-11.242247706430655,32,21,15.625,33.33333333333333,0.59375,0.0
idx10,Non-Convention (primary),BIH,none,89.65006592168525,3,1,33.33333333333333,100.0,0.6666666666666666,0.0
idx10,Non-Convention (primary),CMR,none,23.61425110618501,2,1,0.0,0.0,1.0,1.0
idx10,Non-Convention (primary),IRQ,none,46.96214237778915,4,2,0.0,50.0,1.0,1.0
idx10,Non-Convention (primary),KGZ,none,-28.009447536766636,12,3,100.0,66.66666666666666,0.0,0.3333333333333333
idx10,Non-Convention (primary),NIC,none,18.550042260869727,1,1,0.0,0.0,1.0,1.0
idx10,Non-Convention (primary),RUS,none,2.5826947910191373,2,16,100.0,100.0,0.0,0.0
idx10,Non-Convention (primary),TZA,none,42.37177918562342,2,10,0.0,40.0,1.0,1.0
idx10,Non-Convention (primary),VEN,none,57.8487496777844,32,21,31.25,90.47619047619048,0.59375,0.0
idx10,Non-Convention (primary),BIH,three,36.40036088787447,3,1,33.33333333333333,100.0,0.6666666666666666,0.0
idx10,Non-Convention (primary),CMR,three,15.399350697238006,2,1,0.0,0.0,1.0,1.0
idx10,Non-Convention (primary),IRQ,three,41.21268852446578,4,2,0.0,50.0,1.0,1.0
idx10,Non-Convention (primary),KGZ,three,-12.947838004508267,12,3,100.0,66.66666666666666,0.0,0.3333333333333333
idx10,Non-Convention (primary),NIC,three,12.932904037280082,1,1,0.0,0.0,1.0,1.0
idx10,Non-Convention (primary),RUS,three,0.49864919005864944,2,16,100.0,100.0,0.0,0.0
idx10,Non-Convention (primary),TZA,three,37.77631336857271,2,10,0.0,40.0,1.0,1.0
idx10,Non-Convention (primary),VEN,three,28.72041560598865,32,21,31.25,90.47619047619048,0.59375,0.0
idx10,UNCITRAL (secondary),BIH,none,85.61174365655836,3,1,33.33333333333333,100.0,0.6666666666666666,0.0
idx10,UNCITRAL (secondary),CMR,none,19.28049665338248,2,1,0.0,0.0,1.0,1.0
idx10,UNCITRAL (secondary),IRQ,none,8.724625153822258,4,2,0.0,0.0,1.0,1.0
idx10,UNCITRAL (secondary),KGZ,none,18.740462665950457,12,3,58.333333333333336,66.66666666666666,0.0,0.3333333333333333
idx10,UNCITRAL (secondary),NIC,none,13.82502749645473,1,1,0.0,0.0,1.0,1.0
idx10,UNCITRAL (secondary),RUS,none,44.793043415464915,2,16,50.0,93.75,0.0,0.0
idx10,UNCITRAL (secondary),TZA,none,46.48738354614784,2,10,0.0,40.0,1.0,1.0
idx10,UNCITRAL (secondary),VEN,none,20.14061798597337,32,21,15.625,33.33333333333333,0.59375,0.0
idx10,UNCITRAL (secondary),BIH,three,54.61862794806441,3,1,33.33333333333333,100.0,0.6666666666666666,0.0
idx10,UNCITRAL (secondary),CMR,three,14.212302951863656,2,1,0.0,0.0,1.0,1.0
idx10,UNCITRAL (secondary),IRQ,three,4.390712383933326,4,2,0.0,0.0,1.0,1.0
idx10,UNCITRAL (secondary),KGZ,three,27.120358466111227,12,3,58.333333333333336,66.66666666666666,0.0,0.3333333333333333
idx10,UNCITRAL (secondary),NIC,three,10.62342142513751,1,1,0.0,0.0,1.0,1.0
idx10,UNCITRAL (secondary),RUS,three,44.57785227169852,2,16,50.0,93.75,0.0,0.0
idx10,UNCITRAL (secondary),TZA,three,43.963108258994865,2,10,0.0,40.0,1.0,1.0
idx10,UNCITRAL (secondary),VEN,three,-10.110571339576778,32,21,15.625,33.33333333333333,0.59375,0.0
