definition,outcome,coding,Mbar,ci_lo,ci_hi
bloc1_k2,Non-Convention (primary),none,0.0,3.226342968882887,51.16480316457081
bloc1_k2,Non-Convention (primary),none,0.5,-64.87809282164774,131.70569795022
bloc1_k2,Non-Convention (primary),none,1.0,-148.89648506985074,215.9116446818188
bloc1_k2,Non-Convention (primary),none,1.5,-235.52877485498328,299.7188339899966
bloc1_k2,Non-Convention (primary),none,2.0,-325.76319987790146,386.0666839035005
bloc1_k2,Non-Convention (primary),three,0.0,-7.741726640530826,41.29783118337179
bloc1_k2,Non-Convention (primary),three,0.5,-79.3853685367009,129.9185425528436
bloc1_k2,Non-Convention (primary),three,1.0,-173.09298658804522,229.3972006867545
bloc1_k2,Non-Convention (primary),three,1.5,-269.260080139636,328.60125067380994
bloc1_k2,Non-Convention (primary),three,2.0,-367.340318918989,427.8053006608653
bloc1_k2,UNCITRAL (secondary),none,0.0,-11.529636509443728,25.149852013046107
bloc1_k2,UNCITRAL (secondary),none,0.5,-109.5824147510574,125.28261949029678
bloc1_k2,UNCITRAL (secondary),none,1.0,-225.3784617841777,246.8050529588709
bloc1_k2,UNCITRAL (secondary),none,1.5,-341.4065677039136,363.7939823795166
bloc1_k2,UNCITRAL (secondary),none,2.0,-457.8566275521568,482.8615508661289
bloc1_k2,UNCITRAL (secondary),three,0.0,-19.031082556358943,17.558324364553826
bloc1_k2,UNCITRAL (secondary),three,0.5,-118.38484963822796,124.66487232725302
bloc1_k2,UNCITRAL (secondary),three,1.0,-232.8837360329906,244.44587796988824
bloc1_k2,UNCITRAL (secondary),three,1.5,-350.42364330172285,363.90225217208086
bloc1_k2,UNCITRAL (secondary),three,2.0,-469.926698744076,481.17618059846245
idx10,Non-Convention (primary),none,0.0,20.816111556494405,46.65232509332925
idx10,Non-Convention (primary),none,0.5,-96.06081595346366,163.8712247610579
idx10,Non-Convention (primary),none,1.0,-224.0368697143878,294.24148933222097
idx10,Non-Convention (primary),none,1.5,-353.66873707074524,430.6171668901265
idx10,Non-Convention (primary),none,2.0,-483.5638364266712,561.5799299472654
idx10,Non-Convention (primary),three,0.0,13.49864207425792,41.07647851246505
idx10,Non-Convention (primary),three,0.5,-65.89080801101828,117.89997746234394
idx10,Non-Convention (primary),three,1.0,-148.83003505092063,201.0129203900576
idx10,Non-Convention (primary),three,1.5,-234.93044993088012,285.22398743643834
idx10,Non-Convention (primary),three,2.0,-322.31259013944515,373.1299060529551
idx10,UNCITRAL (secondary),none,0.0,3.1502766436878398,28.827634403508643
idx10,UNCITRAL (secondary),none,0.5,-130.37796248272326,163.5346250803145
idx10,UNCITRAL (secondary),none,1.0,-277.9235126700087,307.93195564783485
idx10,UNCITRAL (secondary),none,1.5,-424.9438916770725,456.1008724962315
idx10,UNCITRAL (secondary),none,2.0,-572.6221317499609,604.420393879439
idx10,UNCITRAL (secondary),three,0.0,0.084337482957418,24.11738235838613
idx10,UNCITRAL (secondary),three,0.5,-117.71234747014071,142.24554754562234
idx10,UNCITRAL (secondary),three,1.0,-245.91530036317292,269.594054314165
idx10,UNCITRAL (secondary),three,1.5,-377.215774614996,399.2066912923409
idx10,UNCITRAL (secondary),three,2.0,-508.1868878311207,528.6595549410994
