definition,outcome,dropped,switcher,beta_none,dfbeta_none,se_cv3_none,beta_three,dfbeta_three,se_cv3_three
bloc1_k2,Non-Convention (primary),(none),False,33.284002149076315,0.0,23.200218979290728,11.577793210843886,0.0,11.444555582588979
bloc1_k2,Non-Convention (primary),BIH,False,33.588184918707334,0.3041827696310193,23.200218979290728,11.802436573618978,0.22464336277509211,11.444555582588979
bloc1_k2,Non-Convention (primary),CMR,True,33.6453261208288,0.36132397175248343,23.200218979290728,11.509732412760028,-0.06806079808385768,11.444555582588979
bloc1_k2,Non-Convention (primary),EGY,False,33.561311485684556,0.27730933660824064,23.200218979290728,12.114327472830746,0.5365342619868603,11.444555582588979
bloc1_k2,Non-Convention (primary),ETH,True,34.487113613195596,1.2031114641192815,23.200218979290728,12.41775306002563,0.8399598491817439,11.444555582588979
bloc1_k2,Non-Convention (primary),GMB,False,33.284002149076336,2.1316282072803006e-14,23.200218979290728,11.577793210843938,5.1514348342607263e-14,11.444555582588979
bloc1_k2,Non-Convention (primary),GTM,True,36.852136003505336,3.5681338544290213,23.200218979290728,14.596782780065285,3.0189895692213984,11.444555582588979
bloc1_k2,Non-Convention (primary),IRQ,True,32.51940795810259,-0.7645941909737246,23.200218979290728,9.749750665952496,-1.8280425448913906,11.444555582588979
bloc1_k2,Non-Convention (primary),KHM,False,33.28400214907631,-7.105427357601002e-15,23.200218979290728,11.577793210843874,-1.2434497875801753e-14,11.444555582588979
bloc1_k2,Non-Convention (primary),LBY,False,33.15294783945951,-0.13105430961680753,23.200218979290728,11.476998101821644,-0.10079510902224165,11.444555582588979
bloc1_k2,Non-Convention (primary),MDA,True,33.83736000140261,0.5533578523262932,23.200218979290728,13.077040158088655,1.4992469472447691,11.444555582588979
bloc1_k2,Non-Convention (primary),NIC,True,33.549341549037216,0.26533939996090083,23.200218979290728,11.547415435862591,-0.03037777498129479,11.444555582588979
bloc1_k2,Non-Convention (primary),RUS,True,35.81721812951132,2.5332159804350027,23.200218979290728,12.73775956481598,1.1599663539720932,11.444555582588979
bloc1_k2,Non-Convention (primary),RWA,False,33.284002149076315,0.0,23.200218979290728,11.57779321084388,-5.329070518200751e-15,11.444555582588979
bloc1_k2,Non-Convention (primary),SAU,True,31.524247278488815,-1.7597548705875,23.200218979290728,8.567062075864186,-3.0107311349797,11.444555582588979
bloc1_k2,Non-Convention (primary),SRB,True,35.015835588423236,1.7318334393469215,23.200218979290728,13.016518873001203,1.4387256621573172,11.444555582588979
bloc1_k2,Non-Convention (primary),SYR,False,33.27373493496179,-0.01026721411452769,23.200218979290728,11.577901708148538,0.00010849730465167795,11.444555582588979
bloc1_k2,Non-Convention (primary),TUN,False,33.28400214907632,7.105427357601002e-15,23.200218979290728,11.577793210843895,8.881784197001252e-15,11.444555582588979
bloc1_k2,Non-Convention (primary),TUR,True,37.822312795793415,4.5383106467171,23.200218979290728,15.135346532540188,3.557553321696302,11.444555582588979
bloc1_k2,Non-Convention (primary),TZA,True,33.97096592457828,0.6869637755019653,23.200218979290728,11.589467442443082,0.011674231599196006,11.444555582588979
bloc1_k2,Non-Convention (primary),UKR,False,33.523440249894364,0.23943810081804884,23.200218979290728,11.989047783187518,0.4112545723436316,11.444555582588979
bloc1_k2,Non-Convention (primary),VEN,True,11.41608951737382,-21.867912631702495,23.200218979290728,2.484429877491129,-9.093363333352757,11.444555582588979
bloc1_k2,UNCITRAL (secondary),(none),False,15.52813568434097,0.0,5.615753208145909,0.49445590978945364,0.0,9.69334562112186
bloc1_k2,UNCITRAL (secondary),BIH,False,15.820159787811354,0.2920241034703839,5.615753208145909,0.8598288835223602,0.36537297373290656,9.69334562112186
bloc1_k2,UNCITRAL (secondary),CMR,True,15.466635342662055,-0.06150034167891505,5.615753208145909,0.03537409699386166,-0.45908181279559196,9.69334562112186
bloc1_k2,UNCITRAL (secondary),EGY,False,15.507644987570307,-0.020490696770663064,5.615753208145909,0.9158899780631561,0.42143406827370244,9.69334562112186
bloc1_k2,UNCITRAL (secondary),ETH,True,15.648393546710942,0.12025786236997149,5.615753208145909,0.20297876343771323,-0.2914771463517404,9.69334562112186
bloc1_k2,UNCITRAL (secondary),GMB,False,15.528135684341,3.019806626980426e-14,5.615753208145909,0.4944559097895228,6.916689443414725e-14,9.69334562112186
bloc1_k2,UNCITRAL (secondary),GTM,True,18.249002477831105,2.720866793490135,5.615753208145909,2.8118569350164813,2.317401025227028,9.69334562112186
bloc1_k2,UNCITRAL (secondary),IRQ,True,15.88246498295172,0.35432929861075024,5.615753208145909,0.27587627165309037,-0.21857963813636327,9.69334562112186
bloc1_k2,UNCITRAL (secondary),KHM,False,15.528135684340995,2.4868995751603507e-14,5.615753208145909,0.49445590978949566,4.2021941482062175e-14,9.69334562112186
bloc1_k2,UNCITRAL (secondary),LBY,False,15.703244039593457,0.1751083552524868,5.615753208145909,0.8980167776085177,0.4035608678190641,9.69334562112186
bloc1_k2,UNCITRAL (secondary),MDA,True,16.083853405538854,0.5557177211978832,5.615753208145909,1.6218448555439167,1.127388945754463,9.69334562112186
bloc1_k2,UNCITRAL (secondary),NIC,True,15.555797666741368,0.027661982400397633,5.615753208145909,0.26593523531911567,-0.22852067447033797,9.69334562112186
bloc1_k2,UNCITRAL (secondary),RUS,True,12.965299455809513,-2.5628362285314576,5.615753208145909,-4.580376456441262,-5.074832366230716,9.69334562112186
bloc1_k2,UNCITRAL (secondary),RWA,False,15.528135684341002,3.197442310920451e-14,5.615753208145909,0.4944559097894852,3.1585845050585704e-14,9.69334562112186
bloc1_k2,UNCITRAL (secondary),SAU,True,14.561867324000543,-0.9662683603404272,5.615753208145909,-1.3041726631257708,-1.7986285729152245,9.69334562112186
bloc1_k2,UNCITRAL (secondary),SRB,True,15.99493226188933,0.4667965775483598,5.615753208145909,0.5722244375535537,0.07776852776410004,9.69334562112186
bloc1_k2,UNCITRAL (secondary),SYR,False,15.375513193972056,-0.1526224903689144,5.615753208145909,0.4962933163383456,0.0018374065488919733,9.69334562112186
bloc1_k2,UNCITRAL (secondary),TUN,False,15.528135684341008,3.730349362740526e-14,5.615753208145909,0.49445590978947845,2.481348460037225e-14,9.69334562112186
bloc1_k2,UNCITRAL (secondary),TUR,True,17.273336619158258,1.7452009348172872,5.615753208145909,1.105262776501298,0.6108068667118443,9.69334562112186
bloc1_k2,UNCITRAL (secondary),TZA,True,15.387436124193933,-0.14069956014703777,5.615753208145909,-0.27004672004532376,-0.7645026298347775,9.69334562112186
bloc1_k2,UNCITRAL (secondary),UKR,False,15.062670445124795,-0.4654652392161758,5.615753208145909,0.0886080578000774,-0.40584785198937623,9.69334562112186
bloc1_k2,UNCITRAL (secondary),VEN,True,13.403698502285613,-2.124437182055358,5.615753208145909,7.194329591788216,6.6998736819987625,9.69334562112186
idx10,Non-Convention (primary),(none),False,40.67275272424678,0.0,24.183203346470194,20.70201015006416,0.0,9.523183399496919
idx10,Non-Convention (primary),BIH,True,38.989301513882964,-1.6834512103638133,24.183203346470194,20.05838422095355,-0.6436259291106126,9.523183399496919
idx10,Non-Convention (primary),CMR,True,41.33186868876542,0.6591159645186409,24.183203346470194,20.988977433621088,0.28696728355692613,9.523183399496919
idx10,Non-Convention (primary),IRQ,True,40.29625721169521,-0.3764955125515641,24.183203346470194,19.029655866545276,-1.6723542835188852,9.523183399496919
idx10,Non-Convention (primary),KGZ,True,48.85261579467659,8.17986307042981,24.183203346470194,26.16457145037025,5.462561300306088,9.523183399496919
idx10,Non-Convention (primary),KHM,False,40.67275272424678,0.0,24.183203346470194,20.702010150064158,-3.552713678800501e-15,9.523183399496919
idx10,Non-Convention (primary),LBY,False,40.5413768778802,-0.13137584636658062,24.183203346470194,20.589627029630872,-0.11238312043328946,9.523183399496919
idx10,Non-Convention (primary),NIC,True,41.24271853173224,0.5699658074854597,24.183203346470194,20.971611381053833,0.2696012309896716,9.523183399496919
idx10,Non-Convention (primary),RUS,True,44.289855263187235,3.6171025389404576,24.183203346470194,23.27113155027796,2.569121400213799,9.523183399496919
idx10,Non-Convention (primary),RWA,False,40.67275272424679,1.4210854715202004e-14,24.183203346470194,20.702010150064176,1.4210854715202004e-14,9.523183399496919
idx10,Non-Convention (primary),SYR,False,40.661763827244485,-0.01098889700229222,24.183203346470194,20.702647700338844,0.0006375502746820416,9.523183399496919
idx10,Non-Convention (primary),TUN,False,40.6727527242468,2.1316282072803006e-14,24.183203346470194,20.70201015006418,1.7763568394002505e-14,9.523183399496919
idx10,Non-Convention (primary),TZA,True,40.82536317918323,0.15261045493645042,24.183203346470194,19.297740192076066,-1.4042699579880953,9.523183399496919
idx10,Non-Convention (primary),UKR,False,41.15440398119147,0.48165125694469424,24.183203346470194,21.31288368050342,0.6108735304392567,9.523183399496919
idx10,Non-Convention (primary),VEN,True,18.59361757316099,-22.079135151085787,24.183203346470194,14.459779337330307,-6.242230812733855,9.523183399496919
idx10,UNCITRAL (secondary),(none),False,25.50062724961717,0.0,9.474705618089166,12.448802825011606,0.0,19.654423112496083
idx10,UNCITRAL (secondary),BIH,True,23.38693595926149,-2.113691290355682,9.474705618089166,10.549861311751542,-1.8989415132600644,19.654423112496083
idx10,UNCITRAL (secondary),CMR,True,25.740573968835438,0.23994671921826694,9.474705618089166,12.369129253063463,-0.07967357194814362,19.654423112496083
idx10,UNCITRAL (secondary),IRQ,True,26.64909286728707,1.148465617669899,9.474705618089166,13.091533229931349,0.6427304049197424,19.654423112496083
idx10,UNCITRAL (secondary),KGZ,True,25.914869017158498,0.414241767541327,9.474705618089166,10.414006503993086,-2.0347963210185203,19.654423112496083
idx10,UNCITRAL (secondary),KHM,False,25.500627249617203,3.197442310920451e-14,9.474705618089166,12.448802825011686,7.993605777301127e-14,19.654423112496083
idx10,UNCITRAL (secondary),LBY,False,25.80066349797054,0.3000362483533685,9.474705618089166,13.041628944850368,0.5928261198387617,19.654423112496083
idx10,UNCITRAL (secondary),NIC,True,25.804883342179746,0.304256092562575,9.474705618089166,12.523508902445935,0.07470607743432822,19.654423112496083
idx10,UNCITRAL (secondary),RUS,True,23.294660242284852,-2.205967007332319,9.474705618089166,7.651811746511263,-4.796991078500343,19.654423112496083
idx10,UNCITRAL (secondary),RWA,False,25.500627249617214,4.263256414560601e-14,9.474705618089166,12.448802825011663,5.684341886080802e-14,19.654423112496083
idx10,UNCITRAL (secondary),SYR,False,25.326462529101196,-0.1741647205159751,9.474705618089166,12.459488911045593,0.010686086033986797,19.654423112496083
idx10,UNCITRAL (secondary),TUN,False,25.500627249617207,3.552713678800501e-14,9.474705618089166,12.448802825011652,4.618527782440651e-14,19.654423112496083
idx10,UNCITRAL (secondary),TZA,True,24.05848420134683,-1.4421430482703421,9.474705618089166,9.528006911876938,-2.9207959131346684,19.654423112496083
idx10,UNCITRAL (secondary),UKR,False,25.229770912791736,-0.2708563368254353,9.474705618089166,12.137764975801442,-0.3110378492101642,19.654423112496083
idx10,UNCITRAL (secondary),VEN,True,33.765617650811535,8.264990401194364,9.474705618089166,30.66977887660059,18.220976051588984,19.654423112496083
