Outcome,Specification,Effect (pp),s.e.,p_CR1,Change from (0),N,check vs paper
Non-Convention,(0) Year + respondent FE,33.28400214907632,13.534189691249468,0.015301680241511918,0.0,958.0,match
Non-Convention,(1) + Convention-status configuration FE,8.857445831556305,7.435209300208334,0.23581735796176087,-24.426556317520017,958.0,match
Non-Convention,(2) + treaty forum-menu FE,34.355366670517604,14.743722695424097,0.021412991795056877,1.0713645214412821,958.0,match
Non-Convention,(3) + both,10.786624326758329,9.12259329971453,0.2393063117055676,-22.497377822317993,958.0,match
UNCITRAL,(0) Year + respondent FE,15.528135684340977,5.2508609421290116,0.0037174364269212273,0.0,958.0,match
UNCITRAL,(1) + Convention-status configuration FE,0.7431174999421906,6.8642359688611,0.9139649748720148,-14.785018184398787,958.0,match
UNCITRAL,(2) + treaty forum-menu FE,17.120513781828915,5.769862662819267,0.003606742494387457,1.5923780974879378,958.0,match
UNCITRAL,(3) + both,2.7953642958747094,6.303358257185175,0.6581970161416021,-12.732771388466269,958.0,match
,"menu coverage: treated 0.490, others 0.404",,,,,,
