definition,outcome,coding,effect,se_cr1,p_cr1,se_cv3,p_cv3,p_wcb_webb,p_perm_all,p_perm_restricted,p_perm_timing,timing_min_p,n,switchers,treated_cases,identifying_cases
bloc1_k2,Non-Convention (primary),(0) no availability control,33.284002149076315,13.534189691249466,0.0153016802415119,23.200218979290728,0.1539064921975339,0.1435,0.013,0.007,0.156,0.001,958,12,153,146
bloc1_k2,Non-Convention (primary),(1) strict: denunciation ends availability,8.885626039207134,7.425527988900254,0.2337328339472042,9.136861613377352,0.33269358642616,0.367,0.304,0.277,0.423,0.001,958,12,153,146
bloc1_k2,Non-Convention (primary),(2) three-valued: contested as own category,11.577793210843886,8.994444945605885,0.2004165534934797,11.44455558258898,0.3136791971479523,0.345,0.2,0.166,0.35,0.001,958,12,153,146
bloc1_k2,Non-Convention (primary),(3) permissive: Art. 72 consent survives,29.30387942063174,14.997661636568658,0.0529648332566637,26.82411290725753,0.2767552849072927,0.3335,0.022,0.01,0.176,0.001,958,12,153,146
bloc1_k2,UNCITRAL (secondary),(0) no availability control,15.52813568434097,5.250860942129012,0.0037174364269212,5.615753208145909,0.0065600933691562,0.055,0.142,0.119,0.339,0.001,958,12,153,146
bloc1_k2,UNCITRAL (secondary),(1) strict: denunciation ends availability,1.0037850230118164,6.849745222403499,0.8837304033723979,8.939383337331622,0.910776668503548,0.8845,0.918,0.916,0.873,0.001,958,12,153,146
bloc1_k2,UNCITRAL (secondary),(2) three-valued: contested as own category,0.4944559097894536,7.574694976233271,0.9480583102078262,9.69334562112186,0.95939976685128,0.9445,0.963,0.952,0.945,0.001,958,12,153,146
bloc1_k2,UNCITRAL (secondary),(3) permissive: Art. 72 consent survives,13.254971635221716,5.71668590884516,0.0220512537946784,7.164945599022011,0.0666977277401379,0.1355,0.206,0.169,0.36,0.001,958,12,153,146
idx10,Non-Convention (primary),(0) no availability control,40.67275272424678,13.307648421800197,0.00274434104012337,24.183203346470194,0.09511285244935434,0.126,0.01,0.006,0.116,0.001,958,8,98,113
idx10,Non-Convention (primary),(1) strict: denunciation ends availability,15.861650171775768,6.225157139615239,0.01205570750034493,6.4612045862812435,0.015479063973108062,0.094,0.124,0.085,0.206,0.001,958,8,98,113
idx10,Non-Convention (primary),(2) three-valued: contested as own category,20.70201015006416,7.651511875575648,0.00777790766409518,9.523183399496919,0.03161572947254317,0.0765,0.048,0.026,0.13,0.001,958,8,98,113
idx10,Non-Convention (primary),(3) permissive: Art. 72 consent survives,39.46794651424429,12.676018976042892,0.0022955102235494235,25.462030687231326,0.12367310570647379,0.09,0.01,0.004,0.102,0.001,958,8,98,113
idx10,UNCITRAL (secondary),(0) no availability control,25.50062724961717,6.486688380962387,0.00013966693407574596,9.474705618089166,0.008096625862693508,0.0165,0.047,0.024,0.336,0.001,958,8,98,113
idx10,UNCITRAL (secondary),(1) strict: denunciation ends availability,11.056719940717402,10.466048652389938,0.2928225288280581,20.904260967159555,0.5978051941167926,0.2915,0.262,0.257,0.503,0.001,958,8,98,113
idx10,UNCITRAL (secondary),(2) three-valued: contested as own category,12.448802825011606,11.11537505461588,0.2648943388703826,19.654423112496083,0.5276492143873828,0.275,0.22,0.21,0.483,0.001,958,8,98,113
idx10,UNCITRAL (secondary),(3) permissive: Art. 72 consent survives,24.81473570671989,5.994310511623198,6.374360965401594e-05,8.236449593794951,0.0031386879460627614,0.0175,0.053,0.026,0.318,0.001,958,8,98,113
