iso3,state,signature,in_force_from,out_of_force_from,status_note,source,verified
AFG,Afghanistan,1966-09-30,1968-07-25,,Contracting State,ICSID/3 as of 2020-06-09,TRUE
AGO,Angola,2022-07-14,2022-10-21,,signed 2022-07-14; ratification deposited 2022-09-21; in force 2022-10-21,ICSID/3 note or ICSID announcement,TRUE
ALB,Albania,1991-10-15,1991-11-14,,Contracting State,ICSID/3 as of 2020-06-09,TRUE
ARE,United Arab Emirates,1981-12-23,1982-01-22,,Contracting State,ICSID/3 as of 2020-06-09,TRUE
ARG,Argentina,1991-05-21,1994-11-18,,Contracting State,ICSID/3 as of 2020-06-09,TRUE
ARM,Armenia,1992-09-16,1992-10-16,,Contracting State,ICSID/3 as of 2020-06-09,TRUE
AUS,Australia,1975-03-24,1991-06-01,,Contracting State,ICSID/3 as of 2020-06-09,TRUE
AUT,Austria,1966-05-17,1971-06-24,,Contracting State,ICSID/3 as of 2020-06-09,TRUE
AZE,Azerbaijan,1992-09-18,1992-10-18,,Contracting State,ICSID/3 as of 2020-06-09,TRUE
BDI,Burundi,1967-02-17,1969-12-05,,Contracting State,ICSID/3 as of 2020-06-09,TRUE
BEL,Belgium,1965-12-15,1970-09-26,,Contracting State,ICSID/3 as of 2020-06-09,TRUE
BEN,Benin,1965-09-10,1966-10-14,,Contracting State,ICSID/3 as of 2020-06-09,TRUE
BFA,Burkina Faso,1965-09-16,1966-10-14,,Contracting State,ICSID/3 as of 2020-06-09,TRUE
BGD,Bangladesh,1979-11-20,1980-04-26,,Contracting State,ICSID/3 as of 2020-06-09,TRUE
BGR,Bulgaria,2000-03-21,2001-05-13,,Contracting State,ICSID/3 as of 2020-06-09,TRUE
BHR,Bahrain,1995-09-22,1996-03-15,,Contracting State,ICSID/3 as of 2020-06-09,TRUE
BHS,"Bahamas, The",1995-10-19,1995-11-18,,Contracting State,ICSID/3 as of 2020-06-09,TRUE
BIH,Bosnia and Herzegovina,1997-04-25,1997-06-13,,Contracting State,ICSID/3 as of 2020-06-09,TRUE
BLR,Belarus,1992-07-10,1992-08-09,,Contracting State,ICSID/3 as of 2020-06-09,TRUE
BLZ,Belize,1986-12-19,,,"signed, not ratified (as of 2020-06-09)",ICSID/3 as of 2020-06-09,TRUE
BMU,Bermuda,,,,UK excluded certain territories under Art.70 and extended only to Jersey (1979) and the Isle of Man (1983); Bermuda not among them. Coded NON-party.,"ICSID/8 (2022-10-28), sections 8-B and 8-C",TRUE
BOL,Bolivia,1991-05-03,1995-07-23,2007-11-03,"ICSID/3 note: in force 1995-07-23; denunciation notice 2007-05-02, effective 2007-11-03",ICSID/3 note or ICSID announcement,TRUE
BRB,Barbados,1981-05-13,1983-12-01,,Contracting State,ICSID/3 as of 2020-06-09,TRUE
BRN,Brunei Darussalam,2002-09-16,2002-10-16,,Contracting State,ICSID/3 as of 2020-06-09,TRUE
BWA,Botswana,1970-01-15,1970-02-14,,Contracting State,ICSID/3 as of 2020-06-09,TRUE
CAF,Central African Republic,1965-08-26,1966-10-14,,Contracting State,ICSID/3 as of 2020-06-09,TRUE
CAN,Canada,2006-12-15,2013-12-01,,Contracting State,ICSID/3 as of 2020-06-09,TRUE
CHE,Switzerland,1967-09-22,1968-06-14,,Contracting State,ICSID/3 as of 2020-06-09,TRUE
CHL,Chile,1991-01-25,1991-10-24,,Contracting State,ICSID/3 as of 2020-06-09,TRUE
CHN,China,1990-02-09,1993-02-06,,Contracting State,ICSID/3 as of 2020-06-09,TRUE
CIV,Cote d'Ivoire,1965-06-30,1966-10-14,,Contracting State,ICSID/3 as of 2020-06-09,TRUE
CMR,Cameroon,1965-09-23,1967-02-02,,Contracting State,ICSID/3 as of 2020-06-09,TRUE
COD,"Congo, Democratic Rep. of",1968-10-29,1970-05-29,,Contracting State,ICSID/3 as of 2020-06-09,TRUE
COG,"Congo, Rep. of",1965-12-27,1966-10-14,,Contracting State,ICSID/3 as of 2020-06-09,TRUE
COL,Colombia,1993-05-18,1997-08-14,,Contracting State,ICSID/3 as of 2020-06-09,TRUE
COM,Comoros,1978-09-26,1978-12-07,,Contracting State,ICSID/3 as of 2020-06-09,TRUE
CPV,Cabo Verde,2010-12-20,2011-01-26,,Contracting State,ICSID/3 as of 2020-06-09,TRUE
CRI,Costa Rica,1981-09-29,1993-05-27,,Contracting State,ICSID/3 as of 2020-06-09,TRUE
CYP,Cyprus,1966-03-09,1966-12-25,,Contracting State,ICSID/3 as of 2020-06-09,TRUE
CZE,Czech Republic,1993-03-23,1993-04-22,,Contracting State,ICSID/3 as of 2020-06-09,TRUE
DEU,Germany,1966-01-27,1969-05-18,,Contracting State,ICSID/3 as of 2020-06-09,TRUE
DJI,Djibouti,2019-04-12,2020-07-09,,Contracting State,ICSID/3 as of 2020-06-09,TRUE
DNK,Denmark,1965-10-11,1968-05-24,,Contracting State,ICSID/3 as of 2020-06-09,TRUE
DOM,Dominican Republic,2000-03-20,,,"signed, not ratified (as of 2020-06-09)",ICSID/3 as of 2020-06-09,TRUE
DZA,Algeria,1995-04-17,1996-03-22,,Contracting State,ICSID/3 as of 2020-06-09,TRUE
ECU,Ecuador,1986-01-15,2021-09-03,2010-01-07,ICSID/3 note: in force 1986-02-14; denunciation effective 2010-01-07; re-entry into force 2021-09-03 (ICSID announcement),ICSID/3 note or ICSID announcement,TRUE
EGY,"Egypt, Arab Rep. of",1972-02-11,1972-06-02,,Contracting State,ICSID/3 as of 2020-06-09,TRUE
ESP,Spain,1994-03-21,1994-09-17,,Contracting State,ICSID/3 as of 2020-06-09,TRUE
EST,Estonia,1992-06-23,1992-07-23,,Contracting State,ICSID/3 as of 2020-06-09,TRUE
ETH,Ethiopia,1965-09-21,,,"signed, not ratified (as of 2020-06-09)",ICSID/3 as of 2020-06-09,TRUE
EUU,European Union,,,,REIO; cannot be a Contracting State (Art. 67),not listed in ICSID/3,TRUE
FIN,Finland,1967-07-14,1969-02-08,,Contracting State,ICSID/3 as of 2020-06-09,TRUE
FJI,Fiji,1977-07-01,1977-09-10,,Contracting State,ICSID/3 as of 2020-06-09,TRUE
FRA,France,1965-12-22,1967-09-20,,Contracting State,ICSID/3 as of 2020-06-09,TRUE
FSM,"Micronesia, Federated States of",1993-06-24,1993-07-24,,Contracting State,ICSID/3 as of 2020-06-09,TRUE
GAB,Gabon,1965-09-21,1966-10-14,,Contracting State,ICSID/3 as of 2020-06-09,TRUE
GBR,United Kingdom,1965-05-26,1967-01-18,,Contracting State,ICSID/3 as of 2020-06-09,TRUE
GEO,Georgia,1992-08-07,1992-09-06,,Contracting State,ICSID/3 as of 2020-06-09,TRUE
GHA,Ghana,1965-11-26,1966-10-14,,Contracting State,ICSID/3 as of 2020-06-09,TRUE
GIN,Guinea,1968-08-27,1968-12-04,,Contracting State,ICSID/3 as of 2020-06-09,TRUE
GMB,"Gambia, The",1974-10-01,1975-01-26,,Contracting State,ICSID/3 as of 2020-06-09,TRUE
GNB,Guinea-Bissau,1991-09-04,,,"signed, not ratified (as of 2020-06-09)",ICSID/3 as of 2020-06-09,TRUE
GRC,Greece,1966-03-16,1969-05-21,,Contracting State,ICSID/3 as of 2020-06-09,TRUE
GRD,Grenada,1991-05-24,1991-06-23,,Contracting State,ICSID/3 as of 2020-06-09,TRUE
GTM,Guatemala,1995-11-09,2003-02-20,,Contracting State,ICSID/3 as of 2020-06-09,TRUE
GUY,Guyana,1969-07-03,1969-08-10,,Contracting State,ICSID/3 as of 2020-06-09,TRUE
HKG,"Hong Kong SAR, China",,,,Art.70: China filed no exclusion and designated the HKSAR under Art.25(1) on 2022-08-26 (ICSID/8-C). Coded NON-party (conservative); see paper 3.4 footnote. Flip by setting in_force_from=1993-02-06.,"ICSID/8 (2022-10-28), sections 8-B and 8-C",TRUE
HND,Honduras,1986-05-28,1989-03-16,,Contracting State,ICSID/3 as of 2020-06-09,TRUE
HRV,Croatia,1997-06-16,1998-10-22,,Contracting State,ICSID/3 as of 2020-06-09,TRUE
HTI,Haiti,1985-01-30,2009-11-26,,Contracting State,ICSID/3 as of 2020-06-09,TRUE
HUN,Hungary,1986-10-01,1987-03-06,,Contracting State,ICSID/3 as of 2020-06-09,TRUE
IDN,Indonesia,1968-02-16,1968-10-28,,Contracting State,ICSID/3 as of 2020-06-09,TRUE
IRL,Ireland,1966-08-30,1981-05-07,,Contracting State,ICSID/3 as of 2020-06-09,TRUE
IRQ,Iraq,2015-11-17,2015-12-17,,Contracting State,ICSID/3 as of 2020-06-09,TRUE
ISL,Iceland,1966-07-25,1966-10-14,,Contracting State,ICSID/3 as of 2020-06-09,TRUE
ISR,Israel,1980-06-16,1983-07-22,,Contracting State,ICSID/3 as of 2020-06-09,TRUE
ITA,Italy,1965-11-18,1971-04-28,,Contracting State,ICSID/3 as of 2020-06-09,TRUE
JAM,Jamaica,1965-06-23,1966-10-14,,Contracting State,ICSID/3 as of 2020-06-09,TRUE
JOR,Jordan,1972-07-14,1972-11-29,,Contracting State,ICSID/3 as of 2020-06-09,TRUE
JPN,Japan,1965-09-23,1967-09-16,,Contracting State,ICSID/3 as of 2020-06-09,TRUE
KAZ,Kazakhstan,1992-07-23,2000-10-21,,Contracting State,ICSID/3 as of 2020-06-09,TRUE
KEN,Kenya,1966-05-24,1967-02-02,,Contracting State,ICSID/3 as of 2020-06-09,TRUE
KGZ,Kyrgyz Republic,1995-06-09,2022-05-21,,ratification deposited 2022-04-21; in force 2022-05-21 (ICSID announcement),ICSID/3 note or ICSID announcement,TRUE
KHM,Cambodia,1993-11-05,2005-01-19,,Contracting State,ICSID/3 as of 2020-06-09,TRUE
KNA,St. Kitts & Nevis,1994-10-14,1995-09-03,,Contracting State,ICSID/3 as of 2020-06-09,TRUE
KOR,"Korea, Rep. of",1966-04-18,1967-03-23,,Contracting State,ICSID/3 as of 2020-06-09,TRUE
KWT,Kuwait,1978-02-09,1979-03-04,,Contracting State,ICSID/3 as of 2020-06-09,TRUE
LBN,Lebanon,2003-03-26,2003-04-25,,Contracting State,ICSID/3 as of 2020-06-09,TRUE
LBR,Liberia,1965-09-03,1970-07-16,,Contracting State,ICSID/3 as of 2020-06-09,TRUE
LCA,St. Lucia,1984-06-04,1984-07-04,,Contracting State,ICSID/3 as of 2020-06-09,TRUE
LKA,Sri Lanka,1967-08-30,1967-11-11,,Contracting State,ICSID/3 as of 2020-06-09,TRUE
LSO,Lesotho,1968-09-19,1969-08-07,,Contracting State,ICSID/3 as of 2020-06-09,TRUE
LTU,Lithuania,1992-07-06,1992-08-05,,Contracting State,ICSID/3 as of 2020-06-09,TRUE
LUX,Luxembourg,1965-09-28,1970-08-29,,Contracting State,ICSID/3 as of 2020-06-09,TRUE
LVA,Latvia,1997-08-08,1997-09-07,,Contracting State,ICSID/3 as of 2020-06-09,TRUE
MAC,"Macao SAR, China",,,,No Art.70 notice traced for Macao. Coded NON-party; 1 case affected.,"ICSID/8 (2022-10-28), sections 8-B and 8-C",TRUE
MAR,Morocco,1965-10-11,1967-06-10,,Contracting State,ICSID/3 as of 2020-06-09,TRUE
MDA,Moldova,1992-08-12,2011-06-04,,Contracting State,ICSID/3 as of 2020-06-09,TRUE
MDG,Madagascar,1966-06-01,1966-10-14,,Contracting State,ICSID/3 as of 2020-06-09,TRUE
MEX,Mexico,2018-01-11,2018-08-26,,Contracting State,ICSID/3 as of 2020-06-09,TRUE
MKD,North Macedonia,1998-09-16,1998-11-26,,Contracting State,ICSID/3 as of 2020-06-09,TRUE
MLI,Mali,1976-04-09,1978-02-02,,Contracting State,ICSID/3 as of 2020-06-09,TRUE
MLT,Malta,2002-04-24,2003-12-03,,Contracting State,ICSID/3 as of 2020-06-09,TRUE
MNE,Montenegro,2012-07-19,2013-05-10,,Contracting State,ICSID/3 as of 2020-06-09,TRUE
MNG,Mongolia,1991-06-14,1991-07-14,,Contracting State,ICSID/3 as of 2020-06-09,TRUE
MOZ,Mozambique,1995-04-04,1995-07-07,,Contracting State,ICSID/3 as of 2020-06-09,TRUE
MRT,Mauritania,1965-07-30,1966-10-14,,Contracting State,ICSID/3 as of 2020-06-09,TRUE
MUS,Mauritius,1969-06-02,1969-07-02,,Contracting State,ICSID/3 as of 2020-06-09,TRUE
MWI,Malawi,1966-06-09,1966-10-14,,Contracting State,ICSID/3 as of 2020-06-09,TRUE
MYS,Malaysia,1965-10-22,1966-10-14,,Contracting State,ICSID/3 as of 2020-06-09,TRUE
NAM,Namibia,1998-10-26,,,"signed, not ratified (as of 2020-06-09)",ICSID/3 as of 2020-06-09,TRUE
NER,Niger,1965-08-23,1966-12-14,,Contracting State,ICSID/3 as of 2020-06-09,TRUE
NGA,Nigeria,1965-07-13,1966-10-14,,Contracting State,ICSID/3 as of 2020-06-09,TRUE
NIC,Nicaragua,1994-02-04,1995-04-19,,Contracting State,ICSID/3 as of 2020-06-09,TRUE
NLD,Netherlands,1966-05-25,1966-10-14,,Contracting State,ICSID/3 as of 2020-06-09,TRUE
NOR,Norway,1966-06-24,1967-09-15,,Contracting State,ICSID/3 as of 2020-06-09,TRUE
NPL,Nepal,1965-09-28,1969-02-06,,Contracting State,ICSID/3 as of 2020-06-09,TRUE
NRU,Nauru,2016-04-12,2016-05-12,,Contracting State,ICSID/3 as of 2020-06-09,TRUE
NZL,New Zealand,1970-09-02,1980-05-02,,Contracting State,ICSID/3 as of 2020-06-09,TRUE
OMN,Oman,1995-05-05,1995-08-23,,Contracting State,ICSID/3 as of 2020-06-09,TRUE
PAK,Pakistan,1965-07-06,1966-10-15,,Contracting State,ICSID/3 as of 2020-06-09,TRUE
PAN,Panama,1995-11-22,1996-05-08,,Contracting State,ICSID/3 as of 2020-06-09,TRUE
PER,Peru,1991-09-04,1993-09-08,,Contracting State,ICSID/3 as of 2020-06-09,TRUE
PHL,Philippines,1978-09-26,1978-12-17,,Contracting State,ICSID/3 as of 2020-06-09,TRUE
PNG,Papua New Guinea,1978-10-20,1978-11-19,,Contracting State,ICSID/3 as of 2020-06-09,TRUE
PRT,Portugal,1983-08-04,1984-08-01,,Contracting State,ICSID/3 as of 2020-06-09,TRUE
PRY,Paraguay,1981-07-27,1983-02-06,,Contracting State,ICSID/3 as of 2020-06-09,TRUE
QAT,Qatar,2010-09-30,2011-01-20,,Contracting State,ICSID/3 as of 2020-06-09,TRUE
ROU,Romania,1974-09-06,1975-10-12,,Contracting State,ICSID/3 as of 2020-06-09,TRUE
RUS,Russian Federation,1992-06-16,,,"signed, not ratified (as of 2020-06-09)",ICSID/3 as of 2020-06-09,TRUE
RWA,Rwanda,1978-04-21,1979-11-14,,Contracting State,ICSID/3 as of 2020-06-09,TRUE
SAU,Saudi Arabia,1979-09-28,1980-06-07,,Contracting State,ICSID/3 as of 2020-06-09,TRUE
SDN,Sudan,1967-03-15,1973-05-09,,Contracting State,ICSID/3 as of 2020-06-09,TRUE
SEN,Senegal,1966-09-26,1967-05-21,,Contracting State,ICSID/3 as of 2020-06-09,TRUE
SGP,Singapore,1968-02-02,1968-11-13,,Contracting State,ICSID/3 as of 2020-06-09,TRUE
SLB,Solomon Islands,1979-11-12,1981-10-08,,Contracting State,ICSID/3 as of 2020-06-09,TRUE
SLE,Sierra Leone,1965-09-27,1966-10-14,,Contracting State,ICSID/3 as of 2020-06-09,TRUE
SLV,El Salvador,1982-06-09,1984-04-05,,Contracting State,ICSID/3 as of 2020-06-09,TRUE
SMR,San Marino,2014-04-11,2015-05-18,,Contracting State,ICSID/3 as of 2020-06-09,TRUE
SOM,Somalia,1965-09-27,1968-03-30,,Contracting State,ICSID/3 as of 2020-06-09,TRUE
SRB,Serbia,2007-05-09,2007-06-08,,Contracting State,ICSID/3 as of 2020-06-09,TRUE
SSD,South Sudan,2012-04-18,2012-05-18,,Contracting State,ICSID/3 as of 2020-06-09,TRUE
STP,Sao Tome and Principe,1999-10-01,2013-06-19,,Contracting State,ICSID/3 as of 2020-06-09,TRUE
SVK,Slovak Republic,1993-09-27,1994-06-26,,Contracting State,ICSID/3 as of 2020-06-09,TRUE
SVN,Slovenia,1994-03-07,1994-04-06,,Contracting State,ICSID/3 as of 2020-06-09,TRUE
SWE,Sweden,1965-09-25,1967-01-28,,Contracting State,ICSID/3 as of 2020-06-09,TRUE
SWZ,Eswatini,1970-11-03,1971-07-14,,Contracting State,ICSID/3 as of 2020-06-09,TRUE
SYC,Seychelles,1978-02-16,1978-04-19,,Contracting State,ICSID/3 as of 2020-06-09,TRUE
SYR,Syria,2005-05-25,2006-02-24,,Contracting State,ICSID/3 as of 2020-06-09,TRUE
TCD,Chad,1966-05-12,1966-10-14,,Contracting State,ICSID/3 as of 2020-06-09,TRUE
TGO,Togo,1966-01-24,1967-09-10,,Contracting State,ICSID/3 as of 2020-06-09,TRUE
THA,Thailand,1985-12-06,,,"signed, not ratified (as of 2020-06-09)",ICSID/3 as of 2020-06-09,TRUE
TKM,Turkmenistan,1992-09-26,1992-10-26,,Contracting State,ICSID/3 as of 2020-06-09,TRUE
TLS,Timor-Leste,2002-07-23,2002-08-22,,Contracting State,ICSID/3 as of 2020-06-09,TRUE
TON,Tonga,1989-05-01,1990-04-20,,Contracting State,ICSID/3 as of 2020-06-09,TRUE
TTO,Trinidad and Tobago,1966-10-05,1967-02-02,,Contracting State,ICSID/3 as of 2020-06-09,TRUE
TUN,Tunisia,1965-05-05,1966-10-14,,Contracting State,ICSID/3 as of 2020-06-09,TRUE
TUR,Turkey,1987-06-24,1989-04-02,,Contracting State,ICSID/3 as of 2020-06-09,TRUE
TZA,Tanzania,1992-01-10,1992-06-17,,Contracting State,ICSID/3 as of 2020-06-09,TRUE
UGA,Uganda,1966-06-07,1966-10-14,,Contracting State,ICSID/3 as of 2020-06-09,TRUE
UKR,Ukraine,1998-04-03,2000-07-07,,Contracting State,ICSID/3 as of 2020-06-09,TRUE
URY,Uruguay,1992-05-28,2000-09-08,,Contracting State,ICSID/3 as of 2020-06-09,TRUE
USA,United States of America,1965-08-27,1966-10-14,,Contracting State,ICSID/3 as of 2020-06-09,TRUE
UZB,Uzbekistan,1994-03-17,1995-08-25,,Contracting State,ICSID/3 as of 2020-06-09,TRUE
VCT,St. Vincent and the Grenadines,2001-08-07,2003-01-15,,Contracting State,ICSID/3 as of 2020-06-09,TRUE
VEN,Venezuela,1993-08-18,1995-06-01,2012-07-25,"ICSID/3 note: in force 1995-06-01; denunciation notice 2012-01-24, effective 2012-07-25",ICSID/3 note or ICSID announcement,TRUE
WSM,Samoa,1978-02-03,1978-05-25,,Contracting State,ICSID/3 as of 2020-06-09,TRUE
XKX,"Kosovo, Rep. of",2009-06-29,2009-07-29,,Contracting State,ICSID/3 as of 2020-06-09,TRUE
YEM,"Yemen, Republic of",1997-10-28,2004-11-20,,Contracting State,ICSID/3 as of 2020-06-09,TRUE
ZMB,Zambia,1970-06-17,1970-07-17,,Contracting State,ICSID/3 as of 2020-06-09,TRUE
ZWE,Zimbabwe,1991-03-25,1994-06-19,,Contracting State,ICSID/3 as of 2020-06-09,TRUE
